{
	"credit": "Made with Blockbench",
	"textures": {
		"1": "item/bottle_honey",
		"2": "item/empty_bottle_hand",
		"particle": "item/empty_bottle_hand"
	},
	"elements": [
		{
			"from": [4.3, 0, 4.3],
			"to": [11.7, 6.2, 11.7],
			"rotation": {"angle": 0, "axis": "y", "origin": [8.5, 1.2, 7.5]},
			"faces": {
				"north": {"uv": [3.5, 0, 7, 3], "texture": "#2"},
				"east": {"uv": [3.5, 3, 7, 6], "texture": "#2"},
				"south": {"uv": [3.5, 6, 7, 9], "texture": "#2"},
				"west": {"uv": [0, 7, 3.5, 10], "texture": "#2"},
				"up": {"uv": [3.5, 3.5, 0, 0], "texture": "#2"},
				"down": {"uv": [3.5, 3.5, 0, 7], "texture": "#2"}
			}
		},
		{
			"from": [5, 8.2, 5],
			"to": [11, 10.2, 11],
			"rotation": {"angle": 0, "axis": "y", "origin": [8.5, 8.2, 6.5]},
			"faces": {
				"north": {"uv": [9, 8, 12, 9], "texture": "#2"},
				"east": {"uv": [9, 8, 12, 9], "texture": "#2"},
				"south": {"uv": [9, 8, 12, 9], "texture": "#2"},
				"west": {"uv": [9, 8, 12, 9], "texture": "#2"},
				"up": {"uv": [10, 3, 7, 0], "texture": "#2"},
				"down": {"uv": [10, 3, 7, 6], "texture": "#2"}
			}
		},
		{
			"from": [6, 6.2, 6],
			"to": [10, 11.2, 10],
			"rotation": {"angle": 0, "axis": "y", "origin": [7, 6.2, 7]},
			"faces": {
				"north": {"uv": [7, 6, 9, 8.5], "texture": "#2"},
				"east": {"uv": [7, 6, 9, 8.5], "texture": "#2"},
				"south": {"uv": [7, 6, 9, 8.5], "texture": "#2"},
				"west": {"uv": [7, 6, 9, 8.5], "texture": "#2"},
				"up": {"uv": [9, 10.5, 7, 8.5], "texture": "#2"},
				"down": {"uv": [5.5, 9, 3.5, 11], "texture": "#2"}
			}
		},
		{
			"name": "cube_outline",
			"from": [6, 10.2, 6],
			"to": [10, 8.2, 10],
			"rotation": {"angle": 0, "axis": "y", "origin": [8.5, 8.2, 6.5]},
			"faces": {
				"north": {"uv": [9, 9, 12, 10], "rotation": 180, "texture": "#2"},
				"east": {"uv": [9, 9, 12, 10], "rotation": 180, "texture": "#2"},
				"south": {"uv": [9, 9, 12, 10], "rotation": 180, "texture": "#2"},
				"west": {"uv": [9, 9, 12, 10], "rotation": 180, "texture": "#2"},
				"up": {"uv": [13, 3, 10, 6], "rotation": 180, "texture": "#2"},
				"down": {"uv": [10, 3, 7, 0], "rotation": 180, "texture": "#2"}
			}
		},
		{
			"from": [5.35, 0.1625, 5.3125],
			"to": [10.7, 5.4625, 7.2875],
			"rotation": {"angle": 0, "axis": "y", "origin": [8.025, 2.8125, 6.8]},
			"faces": {
				"north": {"uv": [6, 6, 0, 12], "rotation": 180, "texture": "#1"},
				"east": {"uv": [6, 10, 12, 12], "rotation": 270, "texture": "#1"},
				"south": {"uv": [6, 6, 0, 0], "texture": "#1"},
				"west": {"uv": [6, 10, 12, 12], "rotation": 90, "texture": "#1"},
				"up": {"uv": [6, 10, 12, 12], "rotation": 180, "texture": "#1"},
				"down": {"uv": [6, 10, 12, 12], "texture": "#1"}
			}
		}
	],
	"display": {
		"thirdperson_righthand": {
			"rotation": [23, 180, 0],
			"translation": [0, 0, -0.25],
			"scale": [0.44, 0.44, 0.44]
		},
		"thirdperson_lefthand": {
			"rotation": [23, 180, 0],
			"translation": [0, 0, -0.25],
			"scale": [0.44, 0.44, 0.44]
		},
		"firstperson_righthand": {
			"rotation": [-100.52, 15.97, 95.02],
			"translation": [-1.5, 7, 1.25],
			"scale": [0.46, 0.52, 0.46]
		},
		"firstperson_lefthand": {
			"rotation": [-100.52, 15.97, 95.02],
			"translation": [-1.5, 7, 1.25],
			"scale": [0.46, 0.52, 0.46]
		},
		"ground": {
			"translation": [0, 6, 0]
		},
		"gui": {
			"translation": [0.75, 3, 3.25],
			"scale": [1.27, 1.27, 1.27]
		},
		"head": {
			"translation": [0, 14.5, 0]
		},
		"fixed": {
			"translation": [0, 3.75, 3.25],
			"scale": [1.47, 1.47, 1.47]
		}
	}
}