{
	"credit": "Made with Blockbench",
	"texture_size": [32, 32],
	"textures": {
		"4": "item/potion_hand",
		"particle": "item/potion_hand"
	},
	"elements": [
		{
			"from": [4.3, 0, 4.3],
			"to": [11.7, 6.2, 11.7],
			"rotation": {"angle": 0, "axis": "y", "origin": [8.5, 1.2, 7.5]},
			"faces": {
				"north": {"uv": [3.5, 0, 7, 3], "texture": "#4"},
				"east": {"uv": [3.5, 3, 7, 6], "texture": "#4"},
				"south": {"uv": [3.5, 6, 7, 9], "texture": "#4"},
				"west": {"uv": [0, 7, 3.5, 10], "texture": "#4"},
				"up": {"uv": [3.5, 3.5, 0, 0], "texture": "#4"},
				"down": {"uv": [3.5, 3.5, 0, 7], "texture": "#4"}
			}
		},
		{
			"from": [5, 8.2, 5],
			"to": [11, 10.2, 11],
			"rotation": {"angle": 0, "axis": "y", "origin": [8.5, 8.2, 6.5]},
			"faces": {
				"north": {"uv": [2, 12, 5, 13], "texture": "#4"},
				"east": {"uv": [2, 12, 5, 13], "texture": "#4"},
				"south": {"uv": [2, 12, 5, 13], "texture": "#4"},
				"west": {"uv": [2, 12, 5, 13], "texture": "#4"},
				"up": {"uv": [10, 3, 7, 0], "texture": "#4"},
				"down": {"uv": [16, 3, 13, 6], "texture": "#4"}
			}
		},
		{
			"from": [6, 6.2, 6],
			"to": [10, 8.2, 10],
			"rotation": {"angle": 0, "axis": "y", "origin": [7, 6.2, 7]},
			"faces": {
				"north": {"uv": [6.5, 10.5, 8.5, 11.5], "texture": "#4"},
				"east": {"uv": [8.5, 10.5, 10.5, 11.5], "texture": "#4"},
				"south": {"uv": [0, 11.5, 2, 12.5], "texture": "#4"},
				"west": {"uv": [10, 1.5, 12, 2.5], "texture": "#4"},
				"up": {"uv": [12.5, 12.5, 10.5, 10.5], "texture": "#4"},
				"down": {"uv": [12.5, 10.5, 10.5, 12.5], "texture": "#4"}
			}
		},
		{
			"name": "cube_outline",
			"from": [6, 10.2, 6],
			"to": [10, 8.2, 10],
			"rotation": {"angle": 0, "axis": "y", "origin": [8.5, 8.2, 6.5]},
			"faces": {
				"north": {"uv": [2, 13, 5, 14], "rotation": 180, "texture": "#4"},
				"east": {"uv": [2, 13, 5, 14], "rotation": 180, "texture": "#4"},
				"south": {"uv": [2, 13, 5, 14], "rotation": 180, "texture": "#4"},
				"west": {"uv": [2, 13, 5, 14], "rotation": 180, "texture": "#4"},
				"up": {"uv": [15.5, 8.5, 12.5, 11.5], "rotation": 180, "texture": "#4"},
				"down": {"uv": [10, 3, 7, 0], "rotation": 180, "texture": "#4"}
			}
		},
		{
			"from": [5.35, 0.1625, 5.3125],
			"to": [10.7, 5.4625, 9.2875],
			"rotation": {"angle": 0, "axis": "y", "origin": [8.025, 2.8125, 6.8]},
			"faces": {
				"north": {"uv": [6.5, 9, 3.5, 12], "rotation": 180, "texture": "#4", "tintindex": 0},
				"east": {"uv": [10, 6.5, 13, 8.5], "rotation": 270, "texture": "#4", "tintindex": 0},
				"south": {"uv": [6.5, 12, 3.5, 9], "texture": "#4", "tintindex": 0},
				"west": {"uv": [10, 6.5, 13, 8.5], "rotation": 90, "texture": "#4", "tintindex": 0},
				"up": {"uv": [10, 6.5, 13, 8.5], "rotation": 180, "texture": "#4", "tintindex": 0},
				"down": {"uv": [10, 6.5, 13, 8.5], "texture": "#4", "tintindex": 0}
			}
		}
	],
	"display": {
		"thirdperson_righthand": {
			"rotation": [23, 180, 0],
			"translation": [0, 0, -0.25],
			"scale": [0.44, 0.44, 0.44]
		},
		"thirdperson_lefthand": {
			"rotation": [23, 180, 0],
			"translation": [0, 0, -0.25],
			"scale": [0.44, 0.44, 0.44]
		},
		"firstperson_righthand": {
			"rotation": [-100.52, 15.97, 95.02],
			"translation": [-1.5, 7, 1.25],
			"scale": [0.46, 0.52, 0.46]
		},
		"firstperson_lefthand": {
			"rotation": [-100.52, 15.97, 95.02],
			"translation": [-1.5, 7, 1.25],
			"scale": [0.46, 0.52, 0.46]
		},
		"ground": {
			"translation": [0, 6, 0]
		},
		"gui": {
			"translation": [0.75, 3, 3.25],
			"scale": [1.27, 1.27, 1.27]
		},
		"head": {
			"translation": [0, 14.5, 0]
		},
		"fixed": {
			"translation": [0, 3.75, 3.25],
			"scale": [1.47, 1.47, 1.47]
		}
	}
}