{
	"credit": "Made with Blockbench",
	"texture_size": [32, 32],
	"textures": {
		"0": "skint"
	},
	"elements": [
		{
			"from": [6, 0, 6],
			"to": [10, 10, 10],
			"rotation": {"angle": 0, "axis": "y", "origin": [6, 0, 9]},
			"faces": {
				"north": {"uv": [2, 2, 4, 7], "texture": "#0"},
				"east": {"uv": [0, 2, 2, 7], "texture": "#0"},
				"south": {"uv": [6, 2, 8, 7], "texture": "#0"},
				"west": {"uv": [4, 2, 6, 7], "texture": "#0"},
				"up": {"uv": [4, 2, 2, 0], "texture": "#0"},
				"down": {"uv": [6, 0, 4, 2], "texture": "#0"}
			}
		},
		{
			"from": [8, 0, 5],
			"to": [11, 7, 8],
			"rotation": {"angle": 0, "axis": "y", "origin": [9, 0, 7]},
			"faces": {
				"north": {"uv": [1.5, 8.5, 3, 12], "texture": "#0"},
				"east": {"uv": [0, 8.5, 1.5, 12], "texture": "#0"},
				"south": {"uv": [4.5, 8.5, 6, 12], "texture": "#0"},
				"west": {"uv": [3, 8.5, 4.5, 12], "texture": "#0"},
				"up": {"uv": [3, 8.5, 1.5, 7], "texture": "#0"},
				"down": {"uv": [4.5, 7, 3, 8.5], "texture": "#0"}
			}
		},
		{
			"from": [5, 0, 4],
			"to": [9, 3, 6],
			"rotation": {"angle": 0, "axis": "y", "origin": [9, 0, 7]},
			"faces": {
				"north": {"uv": [7, 9.5, 9, 11], "texture": "#0"},
				"east": {"uv": [6, 9.5, 7, 11], "texture": "#0"},
				"south": {"uv": [10, 9.5, 12, 11], "texture": "#0"},
				"west": {"uv": [9, 9.5, 10, 11], "texture": "#0"},
				"up": {"uv": [9, 9.5, 7, 8.5], "texture": "#0"},
				"down": {"uv": [11, 8.5, 9, 9.5], "texture": "#0"}
			}
		},
		{
			"from": [9.56036, -0.32441, 7],
			"to": [11.56036, 2.67559, 9],
			"rotation": {"angle": -45, "axis": "z", "origin": [11.64882, 0.47455, 6]},
			"faces": {
				"north": {"uv": [1, 13, 2, 14.5], "texture": "#0"},
				"east": {"uv": [0, 13, 1, 14.5], "texture": "#0"},
				"south": {"uv": [3, 13, 4, 14.5], "texture": "#0"},
				"west": {"uv": [2, 13, 3, 14.5], "texture": "#0"},
				"up": {"uv": [2, 13, 1, 12], "texture": "#0"},
				"down": {"uv": [3, 12, 2, 13], "texture": "#0"}
			}
		},
		{
			"from": [7, 3, 5],
			"to": [9, 7, 7],
			"rotation": {"angle": -45, "axis": "x", "origin": [8, 3, 6]},
			"faces": {
				"north": {"uv": [11, 12, 12, 14], "texture": "#0"},
				"east": {"uv": [10, 12, 11, 14], "texture": "#0"},
				"south": {"uv": [13, 12, 14, 14], "texture": "#0"},
				"west": {"uv": [12, 12, 13, 14], "texture": "#0"},
				"up": {"uv": [12, 12, 11, 11], "texture": "#0"},
				"down": {"uv": [13, 11, 12, 12], "texture": "#0"}
			}
		},
		{
			"from": [6, 0, 4],
			"to": [7, 2, 5],
			"rotation": {"angle": -45, "axis": "x", "origin": [7, 0, 4]},
			"faces": {
				"north": {"uv": [6.5, 0.5, 7, 1.5], "texture": "#0"},
				"east": {"uv": [6, 0.5, 6.5, 1.5], "texture": "#0"},
				"south": {"uv": [7.5, 0.5, 8, 1.5], "texture": "#0"},
				"west": {"uv": [7, 0.5, 7.5, 1.5], "texture": "#0"},
				"up": {"uv": [7, 0.5, 6.5, 0], "texture": "#0"},
				"down": {"uv": [7.5, 0, 7, 0.5], "texture": "#0"}
			}
		},
		{
			"from": [6, 0, 6],
			"to": [9, 5, 9.5],
			"rotation": {"angle": 45, "axis": "z", "origin": [6, 0, 7]},
			"faces": {
				"north": {"uv": [9.5, 1.5, 11, 4], "texture": "#0"},
				"east": {"uv": [8, 1.5, 9.5, 4], "texture": "#0"},
				"south": {"uv": [12.5, 1.5, 14, 4], "texture": "#0"},
				"west": {"uv": [11, 1.5, 12.5, 4], "texture": "#0"},
				"up": {"uv": [11, 1.5, 9.5, 0], "texture": "#0"},
				"down": {"uv": [12.5, 0, 11, 1.5], "texture": "#0"}
			}
		},
		{
			"from": [7, 0, 7],
			"to": [11, 3, 11],
			"rotation": {"angle": 0, "axis": "y", "origin": [11, 0, 7]},
			"faces": {
				"north": {"uv": [8, 7, 10, 8.5], "texture": "#0"},
				"east": {"uv": [6, 7, 8, 8.5], "texture": "#0"},
				"south": {"uv": [12, 7, 14, 8.5], "texture": "#0"},
				"west": {"uv": [10, 7, 12, 8.5], "texture": "#0"},
				"up": {"uv": [10, 7, 8, 5], "texture": "#0"},
				"down": {"uv": [12, 5, 10, 7], "texture": "#0"}
			}
		},
		{
			"from": [7.5, 0, 11],
			"to": [10.5, 2, 13],
			"rotation": {"angle": -22.5, "axis": "x", "origin": [8.5, 0, 11]},
			"faces": {
				"north": {"uv": [6, 12, 7.5, 13], "texture": "#0"},
				"east": {"uv": [5, 12, 6, 13], "texture": "#0"},
				"south": {"uv": [8.5, 12, 10, 13], "texture": "#0"},
				"west": {"uv": [7.5, 12, 8.5, 13], "texture": "#0"},
				"up": {"uv": [7.5, 12, 6, 11], "texture": "#0"},
				"down": {"uv": [9, 11, 7.5, 12], "texture": "#0"}
			}
		},
		{
			"from": [8, 3, 10],
			"to": [9, 6, 11],
			"rotation": {"angle": 22.5, "axis": "x", "origin": [9, 4, 10]},
			"faces": {
				"north": {"uv": [0.5, 0.5, 1, 2], "texture": "#0"},
				"east": {"uv": [0, 0.5, 0.5, 2], "texture": "#0"},
				"south": {"uv": [1.5, 0.5, 2, 2], "texture": "#0"},
				"west": {"uv": [1, 0.5, 1.5, 2], "texture": "#0"},
				"up": {"uv": [1, 0.5, 0.5, 0], "texture": "#0"},
				"down": {"uv": [1.5, 0, 1, 0.5], "texture": "#0"}
			}
		}
	],
	"display": {
		"thirdperson_righthand": {
			"rotation": [-14, 0, 0],
			"translation": [0, 1.75, -1.75],
			"scale": [0.71, 0.71, 0.71]
		},
		"thirdperson_lefthand": {
			"rotation": [-14, 0, 0],
			"translation": [0, 1.75, -1.75],
			"scale": [0.71, 0.71, 0.71]
		},
		"firstperson_righthand": {
			"rotation": [-14, 15, 17],
			"translation": [-1.25, 6.75, 1.5],
			"scale": [0.71, 0.71, 0.71]
		},
		"firstperson_lefthand": {
			"rotation": [-14, 15, 17],
			"translation": [-1.25, 6.75, 1.5],
			"scale": [0.71, 0.71, 0.71]
		},
		"ground": {
			"translation": [0, 4.5, 0],
			"scale": [1.01, 1.01, 1.01]
		},
		"gui": {
			"rotation": [17, -41, 0],
			"translation": [0, 3, 0],
			"scale": [1.05, 1.05, 1.05]
		},
		"head": {
			"translation": [0, 15, 0]
		},
		"fixed": {
			"rotation": [-90, 0, 0],
			"translation": [0, 0, -14.75],
			"scale": [1.85, 1.85, 1.85]
		}
	},
	"groups": [
		{
			"name": "bone",
			"origin": [9, 0, 7],
			"color": 0,
			"children": [0, 1, 2, 3, 4, 5, 6, 7, 8, 9]
		}
	]
}