{
	"credit": "Made with Blockbench",
	"textures": {
		"0": "ochki_sancheza",
		"particle": "ochki_sancheza"
	},
	"elements": [
		{
			"from": [12, 4, 4],
			"to": [12, 6, 8],
			"rotation": {"angle": 0, "axis": "y", "origin": [12, 4, 7]},
			"faces": {
				"north": {"uv": [0, 0, 0, 2], "texture": "#missing"},
				"east": {"uv": [0, 7, 4, 9], "texture": "#0"},
				"south": {"uv": [0, 0, 0, 2], "texture": "#missing"},
				"west": {"uv": [4, 7, 0, 9], "texture": "#0"},
				"up": {"uv": [0, 0, 4, 0], "rotation": 90, "texture": "#missing"},
				"down": {"uv": [0, 0, 4, 0], "rotation": 270, "texture": "#missing"}
			}
		},
		{
			"from": [4, 4, 4],
			"to": [4, 6, 8],
			"rotation": {"angle": 0, "axis": "y", "origin": [4, 4, 7]},
			"faces": {
				"north": {"uv": [0, 0, 0, 2], "texture": "#missing"},
				"east": {"uv": [16, 7, 12, 9], "texture": "#0"},
				"south": {"uv": [0, 0, 0, 2], "texture": "#missing"},
				"west": {"uv": [12, 7, 16, 9], "texture": "#0"},
				"up": {"uv": [0, 0, 4, 0], "rotation": 90, "texture": "#missing"},
				"down": {"uv": [0, 0, 4, 0], "rotation": 270, "texture": "#missing"}
			}
		},
		{
			"from": [4, 4, 4],
			"to": [12, 6, 4],
			"rotation": {"angle": 0, "axis": "y", "origin": [7, 4, 4]},
			"faces": {
				"north": {"uv": [4, 7, 12, 9], "texture": "#0"},
				"east": {"uv": [0, 0, 0, 2], "texture": "#missing"},
				"south": {"uv": [4, 7, 12, 9], "texture": "#0"},
				"west": {"uv": [0, 0, 0, 2], "texture": "#missing"},
				"up": {"uv": [0, 0, 8, 0], "texture": "#missing"},
				"down": {"uv": [0, 0, 8, 0], "texture": "#missing"}
			}
		}
	],
	"gui_light": "front",
	"display": {
		"thirdperson_righthand": {
			"rotation": [-8, 78, 0],
			"translation": [1.25, 0.75, -3]
		},
		"thirdperson_lefthand": {
			"rotation": [-8, 78, 0],
			"translation": [1.25, 0.75, -3]
		},
		"firstperson_righthand": {
			"rotation": [-8, 31, 0],
			"translation": [2.75, 6.5, 3.75]
		},
		"firstperson_lefthand": {
			"rotation": [-8, 31, 0],
			"translation": [2.75, 6.5, 3.75]
		},
		"ground": {
			"translation": [0, 1.5, 0],
			"scale": [1.19, 1.19, 1.19]
		},
		"gui": {
			"rotation": [21, 128, 0],
			"translation": [2.25, 4, 0],
			"scale": [1.44, 1.44, 1.44]
		},
		"head": {
			"translation": [0, 3.5, 0],
			"scale": [1.81, 1.81, 1.81]
		},
		"fixed": {
			"rotation": [-90, 0, 0],
			"translation": [0, 0, -8.75],
			"scale": [2.2, 2.2, 2.2]
		}
	},
	"groups": [
		{
			"name": "group",
			"origin": [7, 4, 4],
			"color": 0,
			"children": [0, 1, 2]
		}
	]
}