{
	"credit": "Made with Blockbench",
	"texture_size": [64, 64],
	"textures": {
		"1": "kapio_otca"
	},
	"elements": [
		{
			"from": [26, -9, 8],
			"to": [28, -7, 9],
			"rotation": {"angle": 0, "axis": "y", "origin": [8, 11, 8]},
			"faces": {
				"north": {"uv": [3, 12.5, 3.5, 13], "texture": "#1"},
				"east": {"uv": [3, 12.5, 3.25, 13], "texture": "#1"},
				"south": {"uv": [3.5, 12.5, 3, 13], "texture": "#1"},
				"west": {"uv": [3, 12.5, 3.25, 13], "texture": "#1"},
				"up": {"uv": [3.5, 12.5, 3, 12.75], "texture": "#1"},
				"down": {"uv": [3, 12.75, 3.5, 13], "texture": "#1"}
			}
		},
		{
			"from": [26, -6, 8],
			"to": [28, -4, 9],
			"rotation": {"angle": 0, "axis": "y", "origin": [8, 11, 8]},
			"faces": {
				"north": {"uv": [3, 11.75, 3.5, 12.25], "texture": "#1"},
				"east": {"uv": [3, 11.75, 3.25, 12.25], "texture": "#1"},
				"south": {"uv": [3.5, 11.75, 3, 12.25], "texture": "#1"},
				"west": {"uv": [3, 11.75, 3.25, 12.25], "texture": "#1"},
				"up": {"uv": [3, 11.75, 3.5, 12], "texture": "#1"},
				"down": {"uv": [3, 11.75, 3.5, 12], "texture": "#1"}
			}
		},
		{
			"from": [23, -9, 8],
			"to": [25, -7, 9],
			"rotation": {"angle": 0, "axis": "y", "origin": [8, 11, 8]},
			"faces": {
				"north": {"uv": [3.75, 12.5, 4.25, 13], "texture": "#1"},
				"east": {"uv": [3.75, 12.5, 4, 13], "texture": "#1"},
				"south": {"uv": [4.25, 12.5, 3.75, 13], "texture": "#1"},
				"west": {"uv": [4, 12.5, 4.25, 13], "texture": "#1"},
				"up": {"uv": [4.25, 12.5, 3.75, 12.75], "texture": "#1"},
				"down": {"uv": [3.75, 12.75, 4.25, 13], "texture": "#1"}
			}
		},
		{
			"from": [23, -6, 8],
			"to": [25, -4, 9],
			"rotation": {"angle": 0, "axis": "y", "origin": [8, 11, 8]},
			"faces": {
				"north": {"uv": [3.75, 11.75, 4.25, 12.25], "texture": "#1"},
				"east": {"uv": [3.75, 11.75, 4, 12.25], "texture": "#1"},
				"south": {"uv": [4.25, 11.75, 3.75, 12.25], "texture": "#1"},
				"west": {"uv": [4, 11.75, 4.25, 12.25], "texture": "#1"},
				"up": {"uv": [4.25, 11.75, 3.75, 12], "texture": "#1"},
				"down": {"uv": [4.25, 12, 3.75, 12.25], "texture": "#1"}
			}
		},
		{
			"from": [20, -3, 8],
			"to": [22, -1, 9],
			"rotation": {"angle": 0, "axis": "y", "origin": [8, 11, 8]},
			"faces": {
				"north": {"uv": [4.5, 11, 5, 11.5], "texture": "#1"},
				"east": {"uv": [4.5, 11, 4.75, 11.5], "texture": "#1"},
				"south": {"uv": [5, 11, 4.5, 11.5], "texture": "#1"},
				"west": {"uv": [4.75, 11, 5, 11.5], "texture": "#1"},
				"up": {"uv": [5, 11, 4.5, 11.25], "texture": "#1"},
				"down": {"uv": [5, 11.25, 4.5, 11.5], "texture": "#1"}
			}
		},
		{
			"from": [19, -2, 8],
			"to": [21, 0, 9],
			"rotation": {"angle": 0, "axis": "y", "origin": [8, 11, 8]},
			"faces": {
				"north": {"uv": [4.75, 10.75, 5.25, 11.25], "texture": "#1"},
				"east": {"uv": [4.75, 10.75, 5, 11.25], "texture": "#1"},
				"south": {"uv": [5.25, 10.75, 4.75, 11.25], "texture": "#1"},
				"west": {"uv": [5, 10.75, 5.25, 11.25], "texture": "#1"},
				"up": {"uv": [5.25, 10.75, 4.75, 11], "texture": "#1"},
				"down": {"uv": [5.25, 11, 4.75, 11.25], "texture": "#1"}
			}
		},
		{
			"from": [18, -1, 8],
			"to": [20, 1, 9],
			"rotation": {"angle": 0, "axis": "y", "origin": [8, 11, 8]},
			"faces": {
				"north": {"uv": [5, 10.5, 5.5, 11], "texture": "#1"},
				"east": {"uv": [5, 10.5, 5.25, 11], "texture": "#1"},
				"south": {"uv": [5.5, 10.5, 5, 11], "texture": "#1"},
				"west": {"uv": [5.25, 10.5, 5.5, 11], "texture": "#1"},
				"up": {"uv": [5.5, 10.5, 5, 10.75], "texture": "#1"},
				"down": {"uv": [5.5, 10.75, 5, 11], "texture": "#1"}
			}
		},
		{
			"from": [17, 0, 8],
			"to": [19, 2, 9],
			"rotation": {"angle": 0, "axis": "y", "origin": [8, 11, 8]},
			"faces": {
				"north": {"uv": [5.25, 10.25, 5.75, 10.75], "texture": "#1"},
				"east": {"uv": [5.25, 10.25, 5.5, 10.75], "texture": "#1"},
				"south": {"uv": [5.75, 10.25, 5.25, 10.75], "texture": "#1"},
				"west": {"uv": [5.5, 10.25, 5.75, 10.75], "texture": "#1"},
				"up": {"uv": [5.75, 10.25, 5.25, 10.5], "texture": "#1"},
				"down": {"uv": [5.75, 10.5, 5.25, 10.75], "texture": "#1"}
			}
		},
		{
			"from": [16, 1, 8],
			"to": [18, 3, 9],
			"rotation": {"angle": 0, "axis": "y", "origin": [8, 11, 8]},
			"faces": {
				"north": {"uv": [5.5, 10, 6, 10.5], "texture": "#1"},
				"east": {"uv": [5.5, 10, 5.75, 10.5], "texture": "#1"},
				"south": {"uv": [6, 10, 5.5, 10.5], "texture": "#1"},
				"west": {"uv": [5.75, 10, 6, 10.5], "texture": "#1"},
				"up": {"uv": [6, 10, 5.5, 10.25], "texture": "#1"},
				"down": {"uv": [6, 10.25, 5.5, 10.5], "texture": "#1"}
			}
		},
		{
			"from": [15, 2, 8],
			"to": [17, 4, 9],
			"rotation": {"angle": 0, "axis": "y", "origin": [8, 11, 8]},
			"faces": {
				"north": {"uv": [5.75, 9.75, 6.25, 10.25], "texture": "#1"},
				"east": {"uv": [5.75, 9.75, 6, 10.25], "texture": "#1"},
				"south": {"uv": [6.25, 9.75, 5.75, 10.25], "texture": "#1"},
				"west": {"uv": [6, 9.75, 6.25, 10.25], "texture": "#1"},
				"up": {"uv": [6.25, 9.75, 5.75, 10], "texture": "#1"},
				"down": {"uv": [6.25, 10, 5.75, 10.25], "texture": "#1"}
			}
		},
		{
			"from": [14, 3, 8],
			"to": [16, 5, 9],
			"rotation": {"angle": 0, "axis": "y", "origin": [8, 11, 8]},
			"faces": {
				"north": {"uv": [6, 9.5, 6.5, 10], "texture": "#1"},
				"east": {"uv": [6, 9.5, 6.25, 10], "texture": "#1"},
				"south": {"uv": [6.5, 9.5, 6, 10], "texture": "#1"},
				"west": {"uv": [6.25, 9.5, 6.5, 10], "texture": "#1"},
				"up": {"uv": [6.5, 9.5, 6, 9.75], "texture": "#1"},
				"down": {"uv": [6.5, 9.75, 6, 10], "texture": "#1"}
			}
		},
		{
			"from": [13, 4, 8],
			"to": [15, 6, 9],
			"rotation": {"angle": 0, "axis": "y", "origin": [8, 11, 8]},
			"faces": {
				"north": {"uv": [6.25, 9.25, 6.75, 9.75], "texture": "#1"},
				"east": {"uv": [6.25, 9.25, 6.5, 9.75], "texture": "#1"},
				"south": {"uv": [6.75, 9.25, 6.25, 9.75], "texture": "#1"},
				"west": {"uv": [6.5, 9.25, 6.75, 9.75], "texture": "#1"},
				"up": {"uv": [6.75, 9.25, 6.25, 9.5], "texture": "#1"},
				"down": {"uv": [6.75, 9.5, 6.25, 9.75], "texture": "#1"}
			}
		},
		{
			"from": [12, 5, 8],
			"to": [14, 7, 9],
			"rotation": {"angle": 0, "axis": "y", "origin": [8, 11, 8]},
			"faces": {
				"north": {"uv": [6.5, 9, 7, 9.5], "texture": "#1"},
				"east": {"uv": [6.5, 9, 6.75, 9.5], "texture": "#1"},
				"south": {"uv": [7, 9, 6.5, 9.5], "texture": "#1"},
				"west": {"uv": [6.75, 9, 7, 9.5], "texture": "#1"},
				"up": {"uv": [7, 9, 6.5, 9.25], "texture": "#1"},
				"down": {"uv": [7, 9.25, 6.5, 9.5], "texture": "#1"}
			}
		},
		{
			"from": [11, 6, 8],
			"to": [13, 8, 9],
			"rotation": {"angle": 0, "axis": "y", "origin": [8, 11, 8]},
			"faces": {
				"north": {"uv": [6.75, 8.75, 7.25, 9.25], "texture": "#1"},
				"east": {"uv": [6.75, 8.75, 7, 9.25], "texture": "#1"},
				"south": {"uv": [7.25, 8.75, 6.75, 9.25], "texture": "#1"},
				"west": {"uv": [7, 8.75, 7.25, 9.25], "texture": "#1"},
				"up": {"uv": [7.25, 8.75, 6.75, 9], "texture": "#1"},
				"down": {"uv": [7.25, 9, 6.75, 9.25], "texture": "#1"}
			}
		},
		{
			"from": [10, 7, 8],
			"to": [12, 9, 9],
			"rotation": {"angle": 0, "axis": "y", "origin": [8, 11, 8]},
			"faces": {
				"north": {"uv": [7, 8.5, 7.5, 9], "texture": "#1"},
				"east": {"uv": [7, 8.5, 7.25, 9], "texture": "#1"},
				"south": {"uv": [7.5, 8.5, 7, 9], "texture": "#1"},
				"west": {"uv": [7.25, 8.5, 7.5, 9], "texture": "#1"},
				"up": {"uv": [7.5, 8.5, 7, 8.75], "texture": "#1"},
				"down": {"uv": [7.5, 8.75, 7, 9], "texture": "#1"}
			}
		},
		{
			"from": [9, 8, 8],
			"to": [11, 10, 9],
			"rotation": {"angle": 0, "axis": "y", "origin": [8, 11, 8]},
			"faces": {
				"north": {"uv": [7.25, 8.25, 7.75, 8.75], "texture": "#1"},
				"east": {"uv": [7.25, 8.25, 7.5, 8.75], "texture": "#1"},
				"south": {"uv": [7.75, 8.25, 7.25, 8.75], "texture": "#1"},
				"west": {"uv": [7.5, 8.25, 7.75, 8.75], "texture": "#1"},
				"up": {"uv": [7.75, 8.25, 7.25, 8.5], "texture": "#1"},
				"down": {"uv": [7.75, 8.5, 7.25, 8.75], "texture": "#1"}
			}
		},
		{
			"from": [8, 9, 8],
			"to": [10, 11, 9],
			"rotation": {"angle": 0, "axis": "y", "origin": [8, 11, 8]},
			"faces": {
				"north": {"uv": [7.5, 8, 8, 8.5], "texture": "#1"},
				"east": {"uv": [7.5, 8, 7.75, 8.5], "texture": "#1"},
				"south": {"uv": [8, 8, 7.5, 8.5], "texture": "#1"},
				"west": {"uv": [7.75, 8, 8, 8.5], "texture": "#1"},
				"up": {"uv": [8, 8, 7.5, 8.25], "texture": "#1"},
				"down": {"uv": [8, 8.25, 7.5, 8.5], "texture": "#1"}
			}
		},
		{
			"from": [7, 10, 8],
			"to": [9, 12, 9],
			"rotation": {"angle": 0, "axis": "y", "origin": [8, 11, 8]},
			"faces": {
				"north": {"uv": [7.75, 7.75, 8.25, 8.25], "texture": "#1"},
				"east": {"uv": [7.75, 7.75, 8, 8.25], "texture": "#1"},
				"south": {"uv": [8.25, 7.75, 7.75, 8.25], "texture": "#1"},
				"west": {"uv": [8.25, 7.75, 8, 8.25], "texture": "#1"},
				"up": {"uv": [8.25, 7.75, 7.75, 8], "texture": "#1"},
				"down": {"uv": [8.25, 8, 7.75, 8.25], "texture": "#1"}
			}
		},
		{
			"from": [6, 11, 8],
			"to": [8, 13, 9],
			"rotation": {"angle": 0, "axis": "y", "origin": [8, 11, 8]},
			"faces": {
				"north": {"uv": [8, 7.5, 8.5, 8], "texture": "#1"},
				"east": {"uv": [8, 7.5, 8.25, 8], "texture": "#1"},
				"south": {"uv": [8.5, 7.5, 8, 8], "texture": "#1"},
				"west": {"uv": [8.25, 7.5, 8.5, 8], "texture": "#1"},
				"up": {"uv": [8.5, 7.5, 8, 7.75], "texture": "#1"},
				"down": {"uv": [8.5, 7.75, 8, 8], "texture": "#1"}
			}
		},
		{
			"from": [5, 12, 8],
			"to": [7, 14, 9],
			"rotation": {"angle": 0, "axis": "y", "origin": [8, 11, 8]},
			"faces": {
				"north": {"uv": [8.25, 7.25, 8.75, 7.75], "texture": "#1"},
				"east": {"uv": [8.25, 7.25, 8.5, 7.75], "texture": "#1"},
				"south": {"uv": [8.75, 7.25, 8.25, 7.75], "texture": "#1"},
				"west": {"uv": [8.5, 7.25, 8.75, 7.75], "texture": "#1"},
				"up": {"uv": [8.75, 7.25, 8.25, 7.5], "texture": "#1"},
				"down": {"uv": [8.75, 7.5, 8.25, 7.75], "texture": "#1"}
			}
		},
		{
			"from": [4, 13, 8],
			"to": [6, 15, 9],
			"rotation": {"angle": 0, "axis": "y", "origin": [8, 11, 8]},
			"faces": {
				"north": {"uv": [8.5, 7, 9, 7.5], "texture": "#1"},
				"east": {"uv": [8.5, 7, 8.75, 7.5], "texture": "#1"},
				"south": {"uv": [9, 7, 8.5, 7.5], "texture": "#1"},
				"west": {"uv": [8.75, 7, 9, 7.5], "texture": "#1"},
				"up": {"uv": [9, 7, 8.5, 7.25], "texture": "#1"},
				"down": {"uv": [9, 7.25, 8.5, 7.5], "texture": "#1"}
			}
		},
		{
			"from": [1, 16, 8],
			"to": [3, 18, 9],
			"rotation": {"angle": 0, "axis": "y", "origin": [8, 11, 8]},
			"faces": {
				"north": {"uv": [9.25, 6.25, 9.75, 6.75], "texture": "#1"},
				"east": {"uv": [9.25, 6.25, 9.5, 6.75], "texture": "#1"},
				"south": {"uv": [9.75, 6.25, 9.25, 6.75], "texture": "#1"},
				"west": {"uv": [9.5, 6.25, 9.75, 6.75], "texture": "#1"},
				"up": {"uv": [9.75, 6.25, 9.25, 6.5], "texture": "#1"},
				"down": {"uv": [9.75, 6.5, 9.25, 6.75], "texture": "#1"}
			}
		},
		{
			"from": [-1, 17, 8],
			"to": [2, 20, 9],
			"rotation": {"angle": 0, "axis": "y", "origin": [8, 11, 8]},
			"faces": {
				"north": {"uv": [9.5, 5.75, 10.25, 6.5], "texture": "#1"},
				"east": {"uv": [9.5, 5.75, 9.75, 6.5], "texture": "#1"},
				"south": {"uv": [10.25, 5.75, 9.5, 6.5], "texture": "#1"},
				"west": {"uv": [10, 5.75, 10.25, 6.5], "texture": "#1"},
				"up": {"uv": [10.25, 5.75, 9.5, 6], "texture": "#1"},
				"down": {"uv": [10.25, 6.25, 9.5, 6.5], "texture": "#1"}
			}
		},
		{
			"from": [-4, 25, 8],
			"to": [-1, 28, 9],
			"rotation": {"angle": 0, "axis": "y", "origin": [8, 11, 8]},
			"faces": {
				"north": {"uv": [10.25, 3.75, 11, 4.5], "texture": "#1"},
				"east": {"uv": [10.25, 3.75, 10.5, 4.5], "texture": "#1"},
				"south": {"uv": [11, 3.75, 10.25, 4.5], "texture": "#1"},
				"west": {"uv": [10.25, 3.75, 10.5, 4.5], "texture": "#1"},
				"up": {"uv": [10.25, 3.75, 11, 4], "texture": "#1"},
				"down": {"uv": [10.25, 3.75, 11, 4], "texture": "#1"}
			}
		},
		{
			"from": [-2, 25, 8],
			"to": [-1, 28, 9],
			"rotation": {"angle": 0, "axis": "y", "origin": [8, 11, 8]},
			"faces": {
				"north": {"uv": [0, 0, 0.25, 0.75], "texture": "#1"},
				"east": {"uv": [0, 0, 0.25, 0.75], "texture": "#1"},
				"south": {"uv": [0.5, 0, 0.75, 0.75], "texture": "#1"},
				"west": {"uv": [0, 0, 0.25, 0.75], "texture": "#1"},
				"up": {"uv": [0.5, 0, 0.75, 0.25], "texture": "#1"},
				"down": {"uv": [0.5, 0, 0.75, 0.25], "texture": "#1"}
			}
		},
		{
			"from": [-9, 20, 8],
			"to": [-6, 23, 9],
			"rotation": {"angle": 0, "axis": "y", "origin": [8, 11, 8]},
			"faces": {
				"north": {"uv": [11.5, 5, 12.25, 5.75], "texture": "#1"},
				"east": {"uv": [11.5, 5, 11.75, 5.75], "texture": "#1"},
				"south": {"uv": [12.25, 5, 11.5, 5.75], "texture": "#1"},
				"west": {"uv": [12, 5, 12.25, 5.75], "texture": "#1"},
				"up": {"uv": [12.25, 5, 11.5, 5.25], "texture": "#1"},
				"down": {"uv": [11.5, 5.5, 12.25, 5.75], "texture": "#1"}
			}
		},
		{
			"from": [-9, 25, 8],
			"to": [-6, 28, 9],
			"rotation": {"angle": 0, "axis": "y", "origin": [8, 11, 8]},
			"faces": {
				"north": {"uv": [11.5, 3.75, 12.25, 4.5], "texture": "#1"},
				"east": {"uv": [11.5, 3.75, 11.75, 4.5], "texture": "#1"},
				"south": {"uv": [12.25, 3.75, 11.5, 4.5], "texture": "#1"},
				"west": {"uv": [12, 3.75, 12.25, 4.5], "texture": "#1"},
				"up": {"uv": [12.25, 3.75, 11.5, 4], "texture": "#1"},
				"down": {"uv": [12.25, 4.25, 11.5, 4.5], "texture": "#1"}
			}
		},
		{
			"from": [-9, 25, 9],
			"to": [-6, 28, 9],
			"rotation": {"angle": 0, "axis": "y", "origin": [8, 11, 8]},
			"faces": {
				"north": {"uv": [11.5, 3.75, 12.25, 4.5], "texture": "#1"},
				"east": {"uv": [0, 0, 0, 0.75], "texture": "#1"},
				"south": {"uv": [12.25, 3.75, 11.5, 4.5], "texture": "#1"},
				"west": {"uv": [12.25, 3.75, 12.25, 4.5], "texture": "#1"},
				"up": {"uv": [12.25, 4, 11.5, 4], "texture": "#1"},
				"down": {"uv": [12.25, 4.25, 11.5, 4.25], "texture": "#1"}
			}
		},
		{
			"from": [-10, 27, 8],
			"to": [-8, 29, 9],
			"rotation": {"angle": 0, "axis": "y", "origin": [8, 11, 8]},
			"faces": {
				"north": {"uv": [12, 3.5, 12.5, 4], "texture": "#1"},
				"east": {"uv": [12, 3.5, 12.25, 4], "texture": "#1"},
				"south": {"uv": [12.5, 3.5, 12, 4], "texture": "#1"},
				"west": {"uv": [12.25, 4, 12.5, 3.75], "texture": "#1"},
				"up": {"uv": [12.5, 3.5, 12, 3.75], "texture": "#1"},
				"down": {"uv": [12.25, 3.75, 12.5, 4], "texture": "#1"}
			}
		},
		{
			"from": [-11, 28, 8],
			"to": [-9, 30, 9],
			"rotation": {"angle": 0, "axis": "y", "origin": [8, 11, 8]},
			"faces": {
				"north": {"uv": [12.25, 3.25, 12.75, 3.75], "texture": "#1"},
				"east": {"uv": [12.25, 3.25, 12.5, 3.75], "texture": "#1"},
				"south": {"uv": [12.75, 3.25, 12.25, 3.75], "texture": "#1"},
				"west": {"uv": [12.5, 3.75, 12.75, 3.5], "texture": "#1"},
				"up": {"uv": [12.75, 3.25, 12.25, 3.5], "texture": "#1"},
				"down": {"uv": [12.5, 3.5, 12.75, 3.75], "texture": "#1"}
			}
		},
		{
			"from": [-12, 29, 8],
			"to": [-10, 31, 9],
			"rotation": {"angle": 0, "axis": "y", "origin": [8, 11, 8]},
			"faces": {
				"north": {"uv": [12.5, 3, 13, 3.5], "texture": "#1"},
				"east": {"uv": [12.5, 3, 12.75, 3.5], "texture": "#1"},
				"south": {"uv": [13, 3, 12.5, 3.5], "texture": "#1"},
				"west": {"uv": [12.75, 3, 13, 3.5], "texture": "#1"},
				"up": {"uv": [13, 3, 12.5, 3.25], "texture": "#1"},
				"down": {"uv": [12.75, 3, 13, 3.25], "texture": "#1"}
			}
		},
		{
			"from": [-4, 19, 8],
			"to": [0, 23, 9],
			"rotation": {"angle": 0, "axis": "y", "origin": [8, 11, 8]},
			"faces": {
				"north": {"uv": [10, 5, 11, 6], "texture": "#1"},
				"east": {"uv": [10, 5, 10.25, 6], "texture": "#1"},
				"south": {"uv": [11, 5, 10, 6], "texture": "#1"},
				"west": {"uv": [10.75, 5, 11, 6], "texture": "#1"},
				"up": {"uv": [11, 5.25, 10, 5.5], "texture": "#1"},
				"down": {"uv": [11, 5.75, 10, 6], "texture": "#1"}
			}
		},
		{
			"from": [-2, 22, 8],
			"to": [1, 24, 9],
			"rotation": {"angle": 0, "axis": "y", "origin": [8, 11, 8]},
			"faces": {
				"north": {"uv": [9.75, 4.75, 10.5, 5.25], "texture": "#1"},
				"east": {"uv": [9.75, 4.75, 10, 5.25], "texture": "#1"},
				"south": {"uv": [10.5, 4.75, 9.75, 5.25], "texture": "#1"},
				"west": {"uv": [10.25, 4.75, 10.5, 5.25], "texture": "#1"},
				"up": {"uv": [10.5, 4.75, 9.75, 5], "texture": "#1"},
				"down": {"uv": [9.75, 5, 10.5, 5.25], "texture": "#1"}
			}
		},
		{
			"from": [-5, 18, 8],
			"to": [-3, 21, 9],
			"rotation": {"angle": 0, "axis": "y", "origin": [8, 11, 8]},
			"faces": {
				"north": {"uv": [10.75, 5.5, 11.25, 6.25], "texture": "#1"},
				"east": {"uv": [10.75, 5.5, 11, 6.25], "texture": "#1"},
				"south": {"uv": [11.25, 5.5, 10.75, 6.25], "texture": "#1"},
				"west": {"uv": [11, 5.5, 11.25, 6.25], "texture": "#1"},
				"up": {"uv": [10.75, 5.5, 11.25, 5.75], "texture": "#1"},
				"down": {"uv": [10.75, 6, 11.25, 6.25], "texture": "#1"}
			}
		},
		{
			"from": [-8, 21, 8],
			"to": [-2, 27, 9],
			"rotation": {"angle": 0, "axis": "y", "origin": [8, 11, 8]},
			"faces": {
				"north": {"uv": [10.5, 4, 12, 5.5], "texture": "#1"},
				"east": {"uv": [10.5, 4, 10.75, 5.5], "texture": "#1"},
				"south": {"uv": [12, 4, 10.5, 5.5], "texture": "#1"},
				"west": {"uv": [11.75, 4, 12, 5.5], "texture": "#1"},
				"up": {"uv": [12, 4, 10.5, 4.25], "texture": "#1"},
				"down": {"uv": [12, 5.25, 10.5, 5.5], "texture": "#1"}
			}
		},
		{
			"from": [3, 14, 8],
			"to": [5, 16, 9],
			"rotation": {"angle": 0, "axis": "y", "origin": [8, 11, 8]},
			"faces": {
				"north": {"uv": [8.75, 6.75, 9.25, 7.25], "texture": "#1"},
				"east": {"uv": [8.75, 6.75, 9, 7.25], "texture": "#1"},
				"south": {"uv": [9.25, 6.75, 8.75, 7.25], "texture": "#1"},
				"west": {"uv": [9.25, 6.75, 9, 7.25], "texture": "#1"},
				"up": {"uv": [9.25, 6.75, 8.75, 7], "texture": "#1"},
				"down": {"uv": [9.25, 7, 8.75, 7.25], "texture": "#1"}
			}
		},
		{
			"from": [2, 15, 8],
			"to": [4, 17, 9],
			"rotation": {"angle": 0, "axis": "y", "origin": [8, 11, 8]},
			"faces": {
				"north": {"uv": [9, 6.5, 9.5, 7], "texture": "#1"},
				"east": {"uv": [9, 6.5, 9.25, 7], "texture": "#1"},
				"south": {"uv": [9.5, 6.5, 9, 7], "texture": "#1"},
				"west": {"uv": [9.5, 6.5, 9.25, 7], "texture": "#1"},
				"up": {"uv": [9.5, 6.5, 9, 6.75], "texture": "#1"},
				"down": {"uv": [9.5, 6.75, 9, 7], "texture": "#1"}
			}
		},
		{
			"from": [21, -4, 8],
			"to": [23, -2, 9],
			"rotation": {"angle": 0, "axis": "y", "origin": [8, 11, 8]},
			"faces": {
				"north": {"uv": [4.25, 11.25, 4.75, 11.75], "texture": "#1"},
				"east": {"uv": [4.25, 11.25, 4.5, 11.75], "texture": "#1"},
				"south": {"uv": [4.75, 11.25, 4.25, 11.75], "texture": "#1"},
				"west": {"uv": [4.5, 11.25, 4.75, 11.75], "texture": "#1"},
				"up": {"uv": [4.75, 11.25, 4.25, 11.5], "texture": "#1"},
				"down": {"uv": [4.75, 11.5, 4.25, 11.75], "texture": "#1"}
			}
		},
		{
			"from": [22, -5, 8],
			"to": [24, -3, 9],
			"rotation": {"angle": 0, "axis": "y", "origin": [8, 11, 8]},
			"faces": {
				"north": {"uv": [4, 11.5, 4.5, 12], "texture": "#1"},
				"east": {"uv": [4, 11.5, 4.25, 12], "texture": "#1"},
				"south": {"uv": [4.5, 11.5, 4, 12], "texture": "#1"},
				"west": {"uv": [4.25, 11.5, 4.5, 12], "texture": "#1"},
				"up": {"uv": [4.5, 11.5, 4, 11.75], "texture": "#1"},
				"down": {"uv": [4.5, 11.75, 4, 12], "texture": "#1"}
			}
		},
		{
			"from": [24, -8, 8],
			"to": [27, -5, 9],
			"rotation": {"angle": 0, "axis": "y", "origin": [8, 11, 8]},
			"faces": {
				"north": {"uv": [3.25, 12, 4, 12.75], "texture": "#1"},
				"east": {"uv": [3.25, 12, 3.5, 12.75], "texture": "#1"},
				"south": {"uv": [4, 12, 3.25, 12.75], "texture": "#1"},
				"west": {"uv": [3.75, 12, 4, 12.75], "texture": "#1"},
				"up": {"uv": [4, 12, 3.25, 12.25], "texture": "#1"},
				"down": {"uv": [4, 12.5, 3.25, 12.75], "texture": "#1"}
			}
		},
		{
			"from": [-13, -10, 8.5],
			"to": [29, 32, 8.5],
			"rotation": {"angle": 0, "axis": "y", "origin": [8, 11, 8]},
			"faces": {
				"north": {"uv": [2.75, 2.75, 13.25, 13.25], "texture": "#1"},
				"east": {"uv": [0, 0, 0, 10.5], "texture": "#1"},
				"south": {"uv": [13.25, 2.75, 2.75, 13.25], "texture": "#1"},
				"west": {"uv": [0, 0, 0, 10.5], "texture": "#1"},
				"up": {"uv": [0, 0, 10.5, 0], "texture": "#1"},
				"down": {"uv": [0, 0, 10.5, 0], "texture": "#1"}
			}
		}
	],
	"display": {
		"thirdperson_righthand": {
			"rotation": [0, 90, -44],
			"translation": [-0.25, 4, 3.5],
			"scale": [0.77, 0.77, 0.77]
		},
		"thirdperson_lefthand": {
			"rotation": [0, 90, 50],
			"translation": [-0.25, 4, 0.75],
			"scale": [0.77, 0.77, 0.77]
		},
		"firstperson_righthand": {
			"rotation": [0, -83, -27],
			"translation": [2.75, -2.5, -1],
			"scale": [0.93, 0.93, 0.93]
		},
		"firstperson_lefthand": {
			"rotation": [0, -83, 54],
			"translation": [4.5, -1.5, -1],
			"scale": [0.93, 0.93, 0.93]
		},
		"ground": {
			"rotation": [90, 0, 44],
			"translation": [0, -1.75, -2.75],
			"scale": [0.72, 0.72, 0.72]
		},
		"gui": {
			"rotation": [0, -180, 0],
			"translation": [0, -1, 0],
			"scale": [0.38, 0.38, 0.38]
		},
		"head": {
			"rotation": [0, 90, 134],
			"translation": [-0.75, 20.25, -2],
			"scale": [0.85, 0.85, 0.85]
		},
		"fixed": {
			"rotation": [0, 0, 135],
			"translation": [3, -20.75, -1],
			"scale": [1.4, 1.4, 1.4]
		}
	},
	"groups": [
		{
			"name": "group",
			"origin": [-4, 25, 8],
			"color": 0,
			"children": [0, 1, 2, 3, 4, 5, 6, 7, 8, 9, 10, 11, 12, 13, 14, 15, 16, 17, 18, 19, 20, 21, 22, 23, 24, 25, 26, 27, 28, 29, 30, 31, 32, 33, 34, 35, 36, 37, 38, 39]
		},
		40
	]
}