{
	"credit": "Made with Blockbench",
	"texture_size": [32, 32],
	"textures": {
		"0": "./pliusha_oketra",
		"particle": "./pliusha_oketra"
	},
	"elements": [
		{
			"from": [9, 6, 1],
			"to": [12, 9, 9],
			"rotation": {"angle": -22.5, "axis": "y", "origin": [10, 9, 5]},
			"faces": {
				"north": {"uv": [3, 4.25, 2.25, 5], "rotation": 180, "texture": "#0"},
				"east": {"uv": [0, 6, 0.75, 8], "rotation": 270, "texture": "#0"},
				"south": {"uv": [1.25, 4, 2, 4.75], "texture": "#0"},
				"west": {"uv": [1.75, 6, 2.5, 8], "rotation": 90, "texture": "#0"},
				"up": {"uv": [1, 6, 1.75, 8], "rotation": 180, "texture": "#0"},
				"down": {"uv": [3.25, 6, 4, 8], "texture": "#0"}
			}
		},
		{
			"from": [5, 17, 5],
			"to": [11, 23, 11],
			"rotation": {"angle": 0, "axis": "y", "origin": [5, 17, 5]},
			"faces": {
				"north": {"uv": [2.25, 2, 3.75, 3.5], "texture": "#0"},
				"east": {"uv": [0, 2.25, 1.5, 3.75], "texture": "#0"},
				"south": {"uv": [6.25, 2, 7.75, 3.5], "texture": "#0"},
				"west": {"uv": [4.5, 2.25, 6, 3.75], "texture": "#0"},
				"up": {"uv": [3.75, 0, 2.25, 1.5], "texture": "#0"},
				"down": {"uv": [5.75, 0.5, 4.25, 2], "texture": "#0"}
			}
		},
		{
			"from": [5, 9, 6.5],
			"to": [11, 17, 9.5],
			"rotation": {"angle": 0, "axis": "y", "origin": [5, 9, 6.5]},
			"faces": {
				"north": {"uv": [5.25, 5.5, 6.75, 7.5], "texture": "#0"},
				"east": {"uv": [4, 5.75, 4.75, 7.75], "texture": "#0"},
				"south": {"uv": [8.25, 5.75, 9.75, 7.75], "texture": "#0"},
				"west": {"uv": [7.25, 5.75, 8, 7.75], "texture": "#0"},
				"up": {"uv": [5.25, 5, 6.75, 4.25], "texture": "#0"},
				"down": {"uv": [7.25, 4.25, 8.75, 5], "texture": "#0"}
			}
		},
		{
			"from": [2, 9, 6.5],
			"to": [5, 17, 9.5],
			"rotation": {"angle": 0, "axis": "y", "origin": [3, 13, 6.5]},
			"faces": {
				"north": {"uv": [11.75, 5.75, 11, 7.75], "texture": "#0"},
				"east": {"uv": [12.75, 5.75, 12, 7.75], "texture": "#0"},
				"south": {"uv": [13.5, 5.75, 12.75, 7.75], "texture": "#0"},
				"west": {"uv": [10, 5.75, 10.75, 7.75], "texture": "#0"},
				"up": {"uv": [11, 4.75, 11.75, 4], "texture": "#0"},
				"down": {"uv": [11.75, 4, 12.5, 4.75], "texture": "#0"}
			}
		},
		{
			"from": [11, 9, 6.5],
			"to": [14, 17, 9.5],
			"rotation": {"angle": 0, "axis": "y", "origin": [12, 13, 6.5]},
			"faces": {
				"north": {"uv": [9.75, 13.75, 9, 15.75], "texture": "#0"},
				"east": {"uv": [10, 13.75, 10.75, 15.75], "texture": "#0"},
				"south": {"uv": [11.5, 13.75, 10.75, 15.75], "texture": "#0"},
				"west": {"uv": [8.75, 13.75, 8, 15.75], "texture": "#0"},
				"up": {"uv": [9.75, 12.75, 9, 12], "texture": "#0"},
				"down": {"uv": [9.75, 12, 10.5, 12.75], "texture": "#0"}
			}
		},
		{
			"from": [4, 6, 1.5],
			"to": [7, 9, 9.5],
			"rotation": {"angle": 22.5, "axis": "y", "origin": [5, 9, 5.5]},
			"faces": {
				"north": {"uv": [6.75, 12.25, 6, 13], "rotation": 180, "texture": "#0"},
				"east": {"uv": [4.5, 13.5, 5.25, 15.5], "rotation": 270, "texture": "#0"},
				"south": {"uv": [5, 12, 5.75, 12.75], "texture": "#0"},
				"west": {"uv": [6, 13.5, 6.75, 15.5], "rotation": 90, "texture": "#0"},
				"up": {"uv": [5.25, 13.5, 6, 15.5], "rotation": 180, "texture": "#0"},
				"down": {"uv": [6.75, 13.5, 7.5, 15.5], "texture": "#0"}
			}
		},
		{
			"from": [4.75, 16.75, 4.75],
			"to": [11.25, 23.25, 4.75],
			"rotation": {"angle": 0, "axis": "y", "origin": [8, 18, 4.75]},
			"faces": {
				"north": {"uv": [10.25, 2, 11.75, 3.5], "texture": "#0"},
				"east": {"uv": [0, 0, 0, 3], "texture": "#missing"},
				"south": {"uv": [0, 0, 1.5, 1.5], "texture": "#0"},
				"west": {"uv": [0, 0, 0, 3], "texture": "#missing"},
				"up": {"uv": [0, 0, 3, 0], "texture": "#missing"},
				"down": {"uv": [0, 0, 3, 0], "texture": "#missing"}
			}
		},
		{
			"from": [4.75, 16.75, 4.75],
			"to": [4.75, 23.25, 11.25],
			"rotation": {"angle": 0, "axis": "y", "origin": [4.75, 18, 7.75]},
			"faces": {
				"north": {"uv": [0, 0, 0, 3], "texture": "#missing"},
				"east": {"uv": [0, 0, 1.5, 1.5], "texture": "#0"},
				"south": {"uv": [0, 0, 0, 3], "texture": "#missing"},
				"west": {"uv": [11.75, 2.25, 13.25, 3.75], "texture": "#0"},
				"up": {"uv": [0, 0, 3, 0], "rotation": 270, "texture": "#missing"},
				"down": {"uv": [0, 0, 3, 0], "rotation": 90, "texture": "#missing"}
			}
		},
		{
			"from": [11.25, 16.75, 4.75],
			"to": [11.25, 23.25, 11.25],
			"rotation": {"angle": 0, "axis": "y", "origin": [11.25, 18, 8.25]},
			"faces": {
				"north": {"uv": [0, 0, 0, 3], "texture": "#missing"},
				"east": {"uv": [8.75, 2.25, 10.25, 3.75], "texture": "#0"},
				"south": {"uv": [0, 0, 0, 3], "texture": "#missing"},
				"west": {"uv": [0, 0, 1.5, 1.5], "texture": "#0"},
				"up": {"uv": [0, 0, 3, 0], "rotation": 90, "texture": "#missing"},
				"down": {"uv": [0, 0, 3, 0], "rotation": 270, "texture": "#missing"}
			}
		}
	],
	"display": {
		"thirdperson_righthand": {
			"rotation": [21, 142, 0],
			"translation": [-1, -1, -1.5],
			"scale": [0.59, 0.59, 0.59]
		},
		"thirdperson_lefthand": {
			"rotation": [21, 142, 0],
			"translation": [-1, -1, -1.5],
			"scale": [0.59, 0.59, 0.59]
		},
		"firstperson_righthand": {
			"rotation": [0, 140, 0],
			"translation": [0.75, 0, -0.25],
			"scale": [0.66, 0.66, 0.66]
		},
		"firstperson_lefthand": {
			"rotation": [0, 140, 0],
			"translation": [0.75, 0, -0.25],
			"scale": [0.66, 0.66, 0.66]
		},
		"gui": {
			"rotation": [-159.75, 28.25, -180],
			"translation": [0.5, -3.75, 0],
			"scale": [0.71, 0.71, 0.71]
		},
		"head": {
			"translation": [0, 8.5, 0]
		},
		"fixed": {
			"rotation": [-90, 0, 0],
			"translation": [0, 0, -2.75],
			"scale": [1.4, 1.4, 1.4]
		}
	},
	"groups": [
		{
			"name": "group",
			"origin": [5, 9, 5.5],
			"color": 0,
			"nbt": "{}",
			"children": [0, 1, 2, 3, 4, 5]
		},
		6,
		7,
		8
	]
}