{
	"credit": "Made with Blockbench",
	"texture_size": [32, 32],
	"textures": {
		"4": "item/bowl_templates"
	},
	"elements": [
		{
			"from": [4, 1, 4],
			"to": [12, 4, 5],
			"rotation": {"angle": 0, "axis": "y", "origin": [7, 1, 3]},
			"faces": {
				"north": {"uv": [3, 3, 7, 4.5], "texture": "#4"},
				"east": {"uv": [3.5, 6, 4, 7.5], "texture": "#4"},
				"south": {"uv": [3, 4.5, 7, 6], "texture": "#4"},
				"west": {"uv": [3.5, 6, 4, 7.5], "texture": "#4"},
				"up": {"uv": [10, 2, 6, 1.5], "texture": "#4"},
				"down": {"uv": [10, 2, 6, 2.5], "texture": "#4"}
			}
		},
		{
			"from": [4, 1, 11],
			"to": [12, 4, 12],
			"rotation": {"angle": 0, "axis": "y", "origin": [7, 1, 10]},
			"faces": {
				"north": {"uv": [3, 4.5, 7, 6], "texture": "#4"},
				"east": {"uv": [3.5, 6, 4, 7.5], "texture": "#4"},
				"south": {"uv": [3, 3, 7, 4.5], "texture": "#4"},
				"west": {"uv": [3.5, 6, 4, 7.5], "texture": "#4"},
				"up": {"uv": [6, 1.5, 10, 2], "texture": "#4"},
				"down": {"uv": [6, 2, 10, 2.5], "texture": "#4"}
			}
		},
		{
			"from": [4, 1, 5],
			"to": [5, 4, 11],
			"rotation": {"angle": 0, "axis": "y", "origin": [7, 1, 10]},
			"faces": {
				"north": {"uv": [3.5, 6, 4, 7.5], "texture": "#4"},
				"east": {"uv": [0, 6, 3, 7.5], "texture": "#4"},
				"south": {"uv": [3.5, 6, 4, 7.5], "texture": "#4"},
				"west": {"uv": [6, 0, 9, 1.5], "texture": "#4"},
				"up": {"uv": [3.5, 9, 3, 6], "texture": "#4"},
				"down": {"uv": [6, 2, 10, 2.5], "texture": "#4"}
			}
		},
		{
			"from": [11, 1, 5],
			"to": [12, 4, 11],
			"rotation": {"angle": 0, "axis": "y", "origin": [14, 1, 10]},
			"faces": {
				"north": {"uv": [3.5, 6, 4, 7.5], "texture": "#4"},
				"east": {"uv": [6, 0, 9, 1.5], "texture": "#4"},
				"south": {"uv": [3.5, 6, 4, 7.5], "texture": "#4"},
				"west": {"uv": [0, 6, 3, 7.5], "texture": "#4"},
				"up": {"uv": [3.5, 9, 3, 6], "texture": "#4"},
				"down": {"uv": [6, 2, 10, 2.5], "texture": "#4"}
			}
		},
		{
			"from": [5, 0, 5],
			"to": [11, 1, 11],
			"rotation": {"angle": 0, "axis": "y", "origin": [5, 0, 5]},
			"faces": {
				"north": {"uv": [6, 2.5, 9, 3], "texture": "#4"},
				"east": {"uv": [6, 2.5, 9, 3], "texture": "#4"},
				"south": {"uv": [6, 2.5, 9, 3], "texture": "#4"},
				"west": {"uv": [6, 2.5, 9, 3], "texture": "#4"},
				"up": {"uv": [3, 6, 0, 3], "texture": "#4"},
				"down": {"uv": [6, 0, 3, 3], "texture": "#4"}
			}
		},
		{
			"from": [5.4, 2, 8],
			"to": [7.4, 4, 10],
			"rotation": {"angle": -22.5, "axis": "y", "origin": [6.4, 3, 9]},
			"faces": {
				"north": {"uv": [10, 10.5, 9, 9.5], "rotation": 90, "texture": "#4"},
				"east": {"uv": [9, 9.5, 10, 10.5], "texture": "#4"},
				"south": {"uv": [9, 9.5, 10, 10.5], "rotation": 90, "texture": "#4"},
				"west": {"uv": [10, 10, 9, 10.5], "texture": "#4"},
				"up": {"uv": [10, 9.5, 9, 10.5], "rotation": 90, "texture": "#4"},
				"down": {"uv": [10, 9.5, 9, 10.5], "rotation": 270, "texture": "#4"}
			}
		},
		{
			"from": [5, 3, 5],
			"to": [11, 3, 11],
			"rotation": {"angle": 0, "axis": "y", "origin": [5, 1, 11]},
			"faces": {
				"north": {"uv": [3, 0, 0, 0], "texture": "#4"},
				"east": {"uv": [3, 0, 0, 0], "texture": "#4"},
				"south": {"uv": [3, 0, 0, 0], "texture": "#4"},
				"west": {"uv": [3, 0, 0, 0], "texture": "#4"},
				"up": {"uv": [13, 9, 10, 12], "texture": "#4"},
				"down": {"uv": [13, 12, 10, 9], "texture": "#4"}
			}
		},
		{
			"from": [8, 3.3, 4.7],
			"to": [11, 3.3, 8.7],
			"rotation": {"angle": 45, "axis": "x", "origin": [9.5, 3.3, 6.7]},
			"faces": {
				"north": {"uv": [1.5, 0, 0, 0], "texture": "#4"},
				"east": {"uv": [2, 0, 0, 0], "texture": "#4"},
				"south": {"uv": [1.5, 0, 0, 0], "texture": "#4"},
				"west": {"uv": [2, 0, 0, 0], "texture": "#4"},
				"up": {"uv": [10, 10.5, 8, 12], "rotation": 90, "texture": "#4"},
				"down": {"uv": [8, 10.5, 10, 12], "rotation": 90, "texture": "#4"}
			}
		}
	],
	"display": {
		"thirdperson_righthand": {
			"rotation": [67, 0, 0],
			"translation": [0, 2.25, 2],
			"scale": [0.63, 0.63, 0.63]
		},
		"thirdperson_lefthand": {
			"rotation": [67, 0, 0],
			"translation": [0, 2.25, 2],
			"scale": [0.63, 0.63, 0.63]
		},
		"firstperson_righthand": {
			"rotation": [4.24, -0.51, 2.03],
			"translation": [0, 6.5, 1],
			"scale": [0.66, 0.68, 0.58]
		},
		"firstperson_lefthand": {
			"rotation": [4.24, -0.51, 2.03],
			"translation": [0, 6.5, 1],
			"scale": [0.66, 0.68, 0.58]
		}
	},
	"groups": [
		0,
		1,
		2,
		3,
		4,
		{
			"name": "suspicious",
			"origin": [8.5, 3.3, 9.3],
			"color": 0,
			"children": [5, 6, 7]
		}
	]
}