{
	"credit": "Made with Blockbench",
	"parent": "molot_monty",
	"texture_size": [64, 64],
	"textures": {
		"0": "molot_monty"
	},
	"elements": [
		{
			"from": [7, 0, 7],
			"to": [9, 19, 9],
			"faces": {
				"north": {"uv": [1.5, 6.75, 2, 11.5], "texture": "#0"},
				"east": {"uv": [1.5, 6.75, 2, 11.5], "texture": "#0"},
				"south": {"uv": [1.5, 6.75, 2, 11.5], "texture": "#0"},
				"west": {"uv": [1.5, 6.75, 2, 11.5], "texture": "#0"},
				"up": {"uv": [8, 6.5, 7.5, 6], "texture": "#0"},
				"down": {"uv": [8.5, 6, 8, 6.5], "texture": "#0"}
			}
		},
		{
			"from": [6.75, -0.25, 6.75],
			"to": [9.25, 19.25, 9.25],
			"faces": {
				"north": {"uv": [3.5, 6.75, 4, 11.5], "texture": "#0"},
				"east": {"uv": [3.5, 6.75, 4, 11.5], "texture": "#0"},
				"south": {"uv": [3.5, 6.75, 4, 11.5], "texture": "#0"},
				"west": {"uv": [3.5, 6.75, 4, 11.5], "texture": "#0"},
				"up": {"uv": [1.5, 9.5, 1, 9], "texture": "#0"},
				"down": {"uv": [1.5, 9.5, 1, 10], "texture": "#0"}
			}
		},
		{
			"from": [6, 19, 6],
			"to": [10, 27, 10],
			"faces": {
				"north": {"uv": [8.5, 8, 9.5, 10], "texture": "#0"},
				"east": {"uv": [8.5, 8, 9.5, 10], "texture": "#0"},
				"south": {"uv": [8.5, 8, 9.5, 10], "texture": "#0"},
				"west": {"uv": [8.5, 8, 9.5, 10], "texture": "#0"},
				"up": {"uv": [6.5, 10.75, 5.5, 9.75], "texture": "#0"},
				"down": {"uv": [7.5, 9.75, 6.5, 10.75], "texture": "#0"}
			}
		},
		{
			"from": [5.75, 18.75, 5.75],
			"to": [10.25, 27.25, 10.25],
			"faces": {
				"north": {"uv": [9, 2, 10, 4], "texture": "#0"},
				"east": {"uv": [9, 2, 10, 4], "texture": "#0"},
				"south": {"uv": [9, 2, 10, 4], "texture": "#0"},
				"west": {"uv": [9, 2, 10, 4], "texture": "#0"},
				"up": {"uv": [8.5, 10.75, 7.5, 9.75], "texture": "#0"},
				"down": {"uv": [11, 0, 10, 1], "texture": "#0"}
			}
		},
		{
			"from": [0, 17, 5],
			"to": [6, 26, 11],
			"faces": {
				"north": {"uv": [3, 4.5, 1.5, 6.75], "texture": "#0"},
				"east": {"uv": [3, 2.25, 4.5, 4.5], "texture": "#0"},
				"south": {"uv": [0, 4.5, 1.5, 6.75], "texture": "#0"},
				"west": {"uv": [4.5, 0, 6, 2.25], "texture": "#0"},
				"up": {"uv": [9, 1.5, 7.5, 0], "texture": "#0"},
				"down": {"uv": [9, 1.5, 7.5, 3], "texture": "#0"}
			}
		},
		{
			"from": [-0.25, 16.75, 4.75],
			"to": [6.25, 26.25, 11.25],
			"faces": {
				"north": {"uv": [0, 0, 1.5, 2.25], "texture": "#0"},
				"east": {"uv": [1.5, 0, 3, 2.25], "texture": "#0"},
				"south": {"uv": [0, 2.25, 1.5, 4.5], "texture": "#0"},
				"west": {"uv": [1.5, 2.25, 3, 4.5], "texture": "#0"},
				"up": {"uv": [5.5, 8.25, 7, 6.75], "texture": "#0"},
				"down": {"uv": [7, 6.75, 8.5, 8.25], "texture": "#0"}
			}
		},
		{
			"from": [9.75, 16.75, 4.75],
			"to": [16.25, 26.25, 11.25],
			"faces": {
				"north": {"uv": [1.5, 0, 0, 2.25], "texture": "#0"},
				"east": {"uv": [3, 2.25, 1.5, 4.5], "texture": "#0"},
				"south": {"uv": [1.5, 2.25, 0, 4.5], "texture": "#0"},
				"west": {"uv": [3, 0, 1.5, 2.25], "texture": "#0"},
				"up": {"uv": [7, 6.75, 5.5, 8.25], "texture": "#0"},
				"down": {"uv": [8.5, 8.25, 7, 6.75], "texture": "#0"}
			}
		},
		{
			"from": [10, 17, 5],
			"to": [16, 26, 11],
			"faces": {
				"north": {"uv": [1.5, 4.5, 3, 6.75], "texture": "#0"},
				"east": {"uv": [6, 0, 4.5, 2.25], "texture": "#0"},
				"south": {"uv": [1.5, 4.5, 0, 6.75], "texture": "#0"},
				"west": {"uv": [4.5, 2.25, 3, 4.5], "texture": "#0"},
				"up": {"uv": [7.5, 1.5, 9, 0], "texture": "#0"},
				"down": {"uv": [7.5, 1.5, 9, 3], "texture": "#0"}
			}
		}
	],
	"gui_light": "front",
	"display": {
		"thirdperson_righthand": {
			"rotation": [0, -90, 0],
			"translation": [0, 0, 1]
		},
		"thirdperson_lefthand": {
			"rotation": [0, 90, 0],
			"translation": [0, 0, 1]
		},
		"firstperson_righthand": {
			"rotation": [0, -95, 0],
			"translation": [-0.75, 1.25, 2.5],
			"scale": [0.69, 0.69, 0.69]
		},
		"firstperson_lefthand": {
			"rotation": [0, -95, 0],
			"translation": [-0.75, 1.25, 2.5],
			"scale": [0.69, 0.69, 0.69]
		},
		"ground": {
			"rotation": [-90, 0, -90],
			"translation": [-5.25, -1, 0]
		},
		"gui": {
			"rotation": [159.59, 29.02, -126.1],
			"translation": [-3.5, -3.5, 0],
			"scale": [0.6, 0.6, 0.6]
		},
		"fixed": {
			"translation": [0, -0.25, -3],
			"scale": [2.6, 2.6, 2.6]
		}
	}
}