{"textures":{"0":"bettermodel:item/demon_knight_demon_knight","particle":"bettermodel:item/demon_knight_demon_knight"},"elements":[{"from":[9.393106,9.795482,5.936546],"to":[10.229568,11.050172,7.1912365],"faces":{"north":{"uv":[8.0,10.875,8.375,11.5],"tintindex":0,"texture":"#0"},"east":{"uv":[8.125,0.625,8.75,1.25],"tintindex":0,"texture":"#0"},"south":{"uv":[8.375,10.875,8.75,11.5],"tintindex":0,"texture":"#0"},"west":{"uv":[2.0,8.125,2.625,8.75],"tintindex":0,"texture":"#0"},"up":{"uv":[11.25,9.0,10.875,8.375],"tintindex":0,"texture":"#0"},"down":{"uv":[9.125,10.875,8.75,11.5],"tintindex":0,"texture":"#0"}}}],"display":{"fixed":{"scale":[4,4,4],"rotation":[7.729395,-13.814704,24.096445]}}}