{"textures":{"0":"bettermodel:item/demon_knight_demon_knight","particle":"bettermodel:item/demon_knight_demon_knight"},"elements":[{"from":[10.731968,9.489803,8.267197],"to":[11.211887,9.839375,8.598992],"faces":{"north":{"uv":[11.375,14.5,11.625,14.625],"tintindex":0,"texture":"#0"},"east":{"uv":[11.125,9.5,11.25,9.625],"tintindex":0,"texture":"#0"},"south":{"uv":[14.5,11.625,14.75,11.75],"tintindex":0,"texture":"#0"},"west":{"uv":[11.375,3.75,11.5,3.875],"tintindex":0,"texture":"#0"},"up":{"uv":[14.75,11.875,14.5,11.75],"tintindex":0,"texture":"#0"},"down":{"uv":[12.125,14.5,11.875,14.625],"tintindex":0,"texture":"#0"}}}],"display":{"fixed":{"scale":[4,4,4],"rotation":[-6.5942445E-6,25.000002,42.500004]}}}