{"textures":{"0":"bettermodel:item/demon_knight_demon_knight","particle":"bettermodel:item/demon_knight_demon_knight"},"elements":[{"from":[7.4692006,6.619393,6.9922657],"to":[8.166251,7.246738,7.619611],"faces":{"north":{"uv":[13.875,10.25,14.125,10.5],"tintindex":0,"texture":"#0"},"east":{"uv":[10.5,13.875,10.75,14.125],"tintindex":0,"texture":"#0"},"south":{"uv":[10.875,13.875,11.125,14.125],"tintindex":0,"texture":"#0"},"west":{"uv":[13.875,10.875,14.125,11.125],"tintindex":0,"texture":"#0"},"up":{"uv":[11.625,14.125,11.375,13.875],"tintindex":0,"texture":"#0"},"down":{"uv":[11.875,13.875,11.625,14.125],"tintindex":0,"texture":"#0"}}},{"from":[7.6427493,7.2399936,7.064151],"to":[8.20039,7.937044,7.6914964],"faces":{"north":{"uv":[8.5,13.0,8.75,13.375],"tintindex":0,"texture":"#0"},"east":{"uv":[9.125,13.0,9.375,13.375],"tintindex":0,"texture":"#0"},"south":{"uv":[10.5,13.0,10.75,13.375],"tintindex":0,"texture":"#0"},"west":{"uv":[11.25,13.0,11.5,13.375],"tintindex":0,"texture":"#0"},"up":{"uv":[14.125,10.25,13.875,10.0],"tintindex":0,"texture":"#0"},"down":{"uv":[10.5,13.875,10.25,14.125],"tintindex":0,"texture":"#0"}}},{"from":[7.356083,5.9890947,6.94541],"to":[8.053133,6.6164403,7.5727553],"faces":{"north":{"uv":[13.0,11.375,13.375,11.625],"tintindex":0,"texture":"#0"},"east":{"uv":[11.875,13.875,12.125,14.125],"tintindex":0,"texture":"#0"},"south":{"uv":[11.5,13.0,11.875,13.25],"tintindex":0,"texture":"#0"},"west":{"uv":[12.125,13.875,12.375,14.125],"tintindex":0,"texture":"#0"},"up":{"uv":[12.25,13.25,11.875,13.0],"tintindex":0,"texture":"#0"},"down":{"uv":[12.75,13.0,12.375,13.25],"tintindex":0,"texture":"#0"}}}],"display":{"fixed":{"scale":[4,4,4],"rotation":[3.840363,7.175587,-9.732897]}}}