{"textures":{"0":"bettermodel:item/demon_knight_demon_knight","particle":"bettermodel:item/demon_knight_demon_knight"},"elements":[{"from":[8.221276,9.211617,7.317938],"to":[8.639506,9.434673,7.736168],"faces":{"north":{"uv":[14.625,3.25,14.875,3.375],"tintindex":0,"texture":"#0"},"east":{"uv":[14.625,3.375,14.875,3.5],"tintindex":0,"texture":"#0"},"south":{"uv":[3.5,14.625,3.75,14.75],"tintindex":0,"texture":"#0"},"west":{"uv":[3.75,14.625,4.0,14.75],"tintindex":0,"texture":"#0"},"up":{"uv":[1.75,14.375,1.5,14.125],"tintindex":0,"texture":"#0"},"down":{"uv":[2.375,14.125,2.125,14.375],"tintindex":0,"texture":"#0"}}}],"display":{"fixed":{"scale":[4,4,4],"rotation":[-2.4976237,-44.945496,-3.533294]}}}