{"textures":{"0":"bettermodel:item/demon_knight_demon_knight","particle":"bettermodel:item/demon_knight_demon_knight"},"elements":[{"from":[6.8847194,1.0875139,8.0],"to":[9.11528,7.988312,8.0],"faces":{"north":{"uv":[3.375,3.125,2.375,6.25],"tintindex":0,"texture":"#0"},"east":{"uv":[0.0,0.0,0.0,3.125],"tintindex":0,"texture":"#0"},"south":{"uv":[2.375,3.125,3.375,6.25],"tintindex":0,"texture":"#0"},"west":{"uv":[0.0,0.0,0.0,3.125],"tintindex":0,"texture":"#0"},"up":{"uv":[1.0,0.0,0.0,0.0],"tintindex":0,"texture":"#0"},"down":{"uv":[1.0,0.0,0.0,0.0],"tintindex":0,"texture":"#0"}}},{"from":[6.4664893,1.1572189,7.9860587],"to":[9.53351,7.988312,7.9860587],"rotation":{"angle":22.5,"axis":"z","origin":[8.0,7.7791967,7.9860587]},"faces":{"north":{"uv":[2.75,0.0,1.375,3.125],"tintindex":0,"texture":"#0"},"east":{"uv":[0.0,0.0,0.0,3.125],"tintindex":0,"texture":"#0"},"south":{"uv":[1.375,0.0,2.75,3.125],"tintindex":0,"texture":"#0"},"west":{"uv":[0.0,0.0,0.0,3.125],"tintindex":0,"texture":"#0"},"up":{"uv":[1.375,0.0,0.0,0.0],"tintindex":0,"texture":"#0"},"down":{"uv":[1.375,0.0,0.0,0.0],"tintindex":0,"texture":"#0"}}},{"from":[6.4664893,1.1572189,7.9860587],"to":[9.53351,7.988312,7.9860587],"rotation":{"angle":-22.5,"axis":"z","origin":[8.0,7.7791967,7.9860587]},"faces":{"north":{"uv":[1.375,3.125,0.0,6.25],"tintindex":0,"texture":"#0"},"east":{"uv":[0.0,0.0,0.0,3.125],"tintindex":0,"texture":"#0"},"south":{"uv":[0.0,3.125,1.375,6.25],"tintindex":0,"texture":"#0"},"west":{"uv":[0.0,0.0,0.0,3.125],"tintindex":0,"texture":"#0"},"up":{"uv":[1.375,0.0,0.0,0.0],"tintindex":0,"texture":"#0"},"down":{"uv":[1.375,0.0,0.0,0.0],"tintindex":0,"texture":"#0"}}}],"display":{"fixed":{"scale":[4,4,4]}}}