{"textures":{"0":"bettermodel:item/demon_knight_demon_knight","particle":"bettermodel:item/demon_knight_demon_knight"},"elements":[{"from":[9.862412,10.230004,8.196097],"to":[10.401581,10.591425,8.670092],"faces":{"north":{"uv":[7.25,13.25,7.5,13.375],"tintindex":0,"texture":"#0"},"east":{"uv":[11.0,13.25,11.25,13.375],"tintindex":0,"texture":"#0"},"south":{"uv":[14.5,10.75,14.75,10.875],"tintindex":0,"texture":"#0"},"west":{"uv":[11.125,14.5,11.375,14.625],"tintindex":0,"texture":"#0"},"up":{"uv":[1.75,14.125,1.5,13.875],"tintindex":0,"texture":"#0"},"down":{"uv":[14.125,3.25,13.875,3.5],"tintindex":0,"texture":"#0"}}}],"display":{"fixed":{"scale":[4,4,4],"rotation":[-2.8261047E-6,24.999996,20.0]}}}