{"textures":{"0":"bettermodel:item/demon_knight_demon_knight","particle":"bettermodel:item/demon_knight_demon_knight"},"elements":[{"from":[7.5626903,5.8531103,7.6765714],"to":[8.371268,6.1319304,8.48515],"rotation":{"angle":-45.0,"axis":"y","origin":[7.9669795,6.801099,7.7741585]},"faces":{"north":{"uv":[2.375,14.5,2.75,14.625],"tintindex":0,"texture":"#0"},"east":{"uv":[14.5,2.5,14.875,2.625],"tintindex":0,"texture":"#0"},"south":{"uv":[14.5,2.625,14.875,2.75],"tintindex":0,"texture":"#0"},"west":{"uv":[14.5,2.75,14.875,2.875],"tintindex":0,"texture":"#0"},"up":{"uv":[3.625,12.875,3.25,12.5],"tintindex":0,"texture":"#0"},"down":{"uv":[12.875,3.25,12.5,3.625],"tintindex":0,"texture":"#0"}}},{"from":[7.4232802,6.1319304,7.5371614],"to":[8.510678,6.4107504,8.62456],"rotation":{"angle":-45.0,"axis":"y","origin":[7.9669795,6.801099,7.7741585]},"faces":{"north":{"uv":[13.125,14.125,13.625,14.25],"tintindex":0,"texture":"#0"},"east":{"uv":[14.125,13.5,14.625,13.625],"tintindex":0,"texture":"#0"},"south":{"uv":[14.125,13.625,14.625,13.75],"tintindex":0,"texture":"#0"},"west":{"uv":[14.125,13.75,14.625,13.875],"tintindex":0,"texture":"#0"},"up":{"uv":[10.875,5.25,10.375,4.75],"tintindex":0,"texture":"#0"},"down":{"uv":[10.875,5.875,10.375,6.375],"tintindex":0,"texture":"#0"}}},{"from":[7.5626903,6.4107504,7.6765714],"to":[8.371268,6.6895704,8.48515],"rotation":{"angle":-45.0,"axis":"y","origin":[7.9669795,6.801099,7.7741585]},"faces":{"north":{"uv":[14.5,3.0,14.875,3.125],"tintindex":0,"texture":"#0"},"east":{"uv":[14.5,3.125,14.875,3.25],"tintindex":0,"texture":"#0"},"south":{"uv":[4.25,14.5,4.625,14.625],"tintindex":0,"texture":"#0"},"west":{"uv":[14.5,5.875,14.875,6.0],"tintindex":0,"texture":"#0"},"up":{"uv":[4.0,12.875,3.625,12.5],"tintindex":0,"texture":"#0"},"down":{"uv":[12.875,3.625,12.5,4.0],"tintindex":0,"texture":"#0"}}},{"from":[7.4232802,6.6895704,7.5371614],"to":[8.510678,8.048819,8.62456],"rotation":{"angle":-45.0,"axis":"y","origin":[7.9669795,7.567854,7.7741585]},"faces":{"north":{"uv":[9.25,5.5,9.75,6.125],"tintindex":0,"texture":"#0"},"east":{"uv":[8.25,9.25,8.75,9.875],"tintindex":0,"texture":"#0"},"south":{"uv":[3.875,9.375,4.375,10.0],"tintindex":0,"texture":"#0"},"west":{"uv":[4.375,9.375,4.875,10.0],"tintindex":0,"texture":"#0"},"up":{"uv":[8.5,10.875,8.0,10.375],"tintindex":0,"texture":"#0"},"down":{"uv":[9.0,10.375,8.5,10.875],"tintindex":0,"texture":"#0"}}},{"from":[7.3945866,7.052037,8.258929],"to":[8.621395,7.7421165,8.774746],"rotation":{"angle":-22.5,"axis":"y","origin":[8.13462,7.550428,8.001347]},"faces":{"north":{"uv":[12.75,6.125,13.25,6.375],"tintindex":0,"texture":"#0"},"east":{"uv":[13.625,14.125,13.875,14.375],"tintindex":0,"texture":"#0"},"south":{"uv":[12.75,7.125,13.25,7.375],"tintindex":0,"texture":"#0"},"west":{"uv":[14.125,13.875,14.375,14.125],"tintindex":0,"texture":"#0"},"up":{"uv":[13.25,7.625,12.75,7.375],"tintindex":0,"texture":"#0"},"down":{"uv":[13.25,7.625,12.75,7.875],"tintindex":0,"texture":"#0"}}},{"from":[8.552502,7.2820635,7.881504],"to":[8.859203,7.5120897,8.126866],"faces":{"north":{"uv":[5.375,14.75,5.5,14.875],"tintindex":0,"texture":"#0"},"east":{"uv":[14.75,5.375,14.875,5.5],"tintindex":0,"texture":"#0"},"south":{"uv":[5.5,14.75,5.625,14.875],"tintindex":0,"texture":"#0"},"west":{"uv":[14.75,5.5,14.875,5.625],"tintindex":0,"texture":"#0"},"up":{"uv":[14.875,5.75,14.75,5.625],"tintindex":0,"texture":"#0"},"down":{"uv":[5.875,14.75,5.75,14.875],"tintindex":0,"texture":"#0"}}},{"from":[7.862422,7.052037,7.5441318],"to":[8.552502,7.7421165,8.464238],"faces":{"north":{"uv":[14.125,14.125,14.375,14.375],"tintindex":0,"texture":"#0"},"east":{"uv":[13.5,12.5,13.875,12.75],"tintindex":0,"texture":"#0"},"south":{"uv":[0.0,14.25,0.25,14.5],"tintindex":0,"texture":"#0"},"west":{"uv":[13.5,12.75,13.875,13.0],"tintindex":0,"texture":"#0"},"up":{"uv":[13.375,13.875,13.125,13.5],"tintindex":0,"texture":"#0"},"down":{"uv":[13.625,13.5,13.375,13.875],"tintindex":0,"texture":"#0"}}},{"from":[7.3945866,7.052037,7.227947],"to":[8.621395,7.7421165,7.7437644],"rotation":{"angle":22.5,"axis":"y","origin":[8.13462,7.550428,8.001347]},"faces":{"north":{"uv":[9.875,12.75,10.375,13.0],"tintindex":0,"texture":"#0"},"east":{"uv":[14.25,0.0,14.5,0.25],"tintindex":0,"texture":"#0"},"south":{"uv":[10.375,12.75,10.875,13.0],"tintindex":0,"texture":"#0"},"west":{"uv":[0.25,14.25,0.5,14.5],"tintindex":0,"texture":"#0"},"up":{"uv":[13.25,10.875,12.75,10.625],"tintindex":0,"texture":"#0"},"down":{"uv":[13.25,10.875,12.75,11.125],"tintindex":0,"texture":"#0"}}},{"from":[7.7021003,5.5742903,7.8159814],"to":[8.231858,5.8531103,8.345739],"rotation":{"angle":-45.0,"axis":"y","origin":[7.9669795,6.801099,7.7741585]},"faces":{"north":{"uv":[14.625,4.75,14.875,4.875],"tintindex":0,"texture":"#0"},"east":{"uv":[14.625,4.875,14.875,5.0],"tintindex":0,"texture":"#0"},"south":{"uv":[14.625,5.0,14.875,5.125],"tintindex":0,"texture":"#0"},"west":{"uv":[14.625,5.125,14.875,5.25],"tintindex":0,"texture":"#0"},"up":{"uv":[1.5,14.5,1.25,14.25],"tintindex":0,"texture":"#0"},"down":{"uv":[14.5,1.5,14.25,1.75],"tintindex":0,"texture":"#0"}}}],"display":{"fixed":{"scale":[4,4,4]}}}