{"textures":{"0":"bettermodel:item/demon_knight_demon_knight","particle":"bettermodel:item/demon_knight_demon_knight"},"elements":[{"from":[7.7984185,7.376143,6.8914165],"to":[8.495469,7.794373,7.5954375],"rotation":{"angle":-45.0,"axis":"y","origin":[8.000564,10.645309,7.100532]},"faces":{"north":{"uv":[9.125,13.375,9.5,13.625],"tintindex":0,"texture":"#0"},"east":{"uv":[13.375,9.125,13.75,9.375],"tintindex":0,"texture":"#0"},"south":{"uv":[11.0,13.375,11.375,13.625],"tintindex":0,"texture":"#0"},"west":{"uv":[13.375,11.375,13.75,11.625],"tintindex":0,"texture":"#0"},"up":{"uv":[1.5,12.875,1.125,12.5],"tintindex":0,"texture":"#0"},"down":{"uv":[12.875,1.125,12.5,1.5],"tintindex":0,"texture":"#0"}}},{"from":[7.5056577,7.376143,7.309647],"to":[8.495469,7.794373,8.717689],"faces":{"north":{"uv":[12.625,6.375,13.125,6.625],"tintindex":0,"texture":"#0"},"east":{"uv":[11.875,9.25,12.5,9.5],"tintindex":0,"texture":"#0"},"south":{"uv":[12.625,6.625,13.125,6.875],"tintindex":0,"texture":"#0"},"west":{"uv":[0.0,12.0,0.625,12.25],"tintindex":0,"texture":"#0"},"up":{"uv":[6.0,9.75,5.5,9.125],"tintindex":0,"texture":"#0"},"down":{"uv":[6.5,9.125,6.0,9.75],"tintindex":0,"texture":"#0"}}},{"from":[7.8402414,7.376143,7.748789],"to":[8.65579,7.515553,8.773453],"rotation":{"angle":22.5,"axis":"y","origin":[8.300295,7.585258,8.452809]},"faces":{"north":{"uv":[14.375,14.25,14.75,14.375],"tintindex":0,"texture":"#0"},"east":{"uv":[14.125,1.25,14.625,1.375],"tintindex":0,"texture":"#0"},"south":{"uv":[0.0,14.5,0.375,14.625],"tintindex":0,"texture":"#0"},"west":{"uv":[14.125,1.375,14.625,1.5],"tintindex":0,"texture":"#0"},"up":{"uv":[7.625,11.875,7.25,11.375],"tintindex":0,"texture":"#0"},"down":{"uv":[8.0,11.375,7.625,11.875],"tintindex":0,"texture":"#0"}}},{"from":[7.3383656,7.376143,7.748789],"to":[8.153914,7.515553,8.773453],"rotation":{"angle":-22.5,"axis":"y","origin":[7.693861,7.585258,8.452809]},"faces":{"north":{"uv":[14.5,0.0,14.875,0.125],"tintindex":0,"texture":"#0"},"east":{"uv":[14.125,2.125,14.625,2.25],"tintindex":0,"texture":"#0"},"south":{"uv":[14.5,0.125,14.875,0.25],"tintindex":0,"texture":"#0"},"west":{"uv":[14.125,2.25,14.625,2.375],"tintindex":0,"texture":"#0"},"up":{"uv":[11.625,11.875,11.25,11.375],"tintindex":0,"texture":"#0"},"down":{"uv":[11.875,3.375,11.5,3.875],"tintindex":0,"texture":"#0"}}},{"from":[7.5056577,7.9128714,8.285518],"to":[8.495469,8.317161,8.898922],"rotation":{"angle":-22.5,"axis":"x","origin":[8.000564,8.073194,8.989538]},"faces":{"north":{"uv":[14.125,2.375,14.625,2.5],"tintindex":0,"texture":"#0"},"east":{"uv":[14.625,2.375,14.875,2.5],"tintindex":0,"texture":"#0"},"south":{"uv":[14.125,3.25,14.625,3.375],"tintindex":0,"texture":"#0"},"west":{"uv":[2.5,14.625,2.75,14.75],"tintindex":0,"texture":"#0"},"up":{"uv":[13.125,7.125,12.625,6.875],"tintindex":0,"texture":"#0"},"down":{"uv":[13.125,8.125,12.625,8.375],"tintindex":0,"texture":"#0"}}},{"from":[7.6450677,7.794373,7.379352],"to":[8.356059,8.010459,8.090343],"faces":{"north":{"uv":[14.5,0.25,14.875,0.375],"tintindex":0,"texture":"#0"},"east":{"uv":[14.5,0.75,14.875,0.875],"tintindex":0,"texture":"#0"},"south":{"uv":[14.5,0.875,14.875,1.0],"tintindex":0,"texture":"#0"},"west":{"uv":[14.5,1.5,14.875,1.625],"tintindex":0,"texture":"#0"},"up":{"uv":[12.875,1.875,12.5,1.5],"tintindex":0,"texture":"#0"},"down":{"uv":[2.5,12.5,2.125,12.875],"tintindex":0,"texture":"#0"}}},{"from":[7.359277,7.5922284,7.379352],"to":[7.721743,8.045311,8.3691635],"rotation":{"angle":22.5,"axis":"z","origin":[7.582333,7.9268126,7.8742576]},"faces":{"north":{"uv":[2.75,14.625,2.875,14.875],"tintindex":0,"texture":"#0"},"east":{"uv":[12.625,8.375,13.125,8.625],"tintindex":0,"texture":"#0"},"south":{"uv":[2.875,14.625,3.0,14.875],"tintindex":0,"texture":"#0"},"west":{"uv":[12.625,8.625,13.125,8.875],"tintindex":0,"texture":"#0"},"up":{"uv":[2.75,14.5,2.625,14.0],"tintindex":0,"texture":"#0"},"down":{"uv":[4.625,14.0,4.5,14.5],"tintindex":0,"texture":"#0"}}},{"from":[8.279384,7.5922284,7.379352],"to":[8.6418495,8.045311,8.3691635],"rotation":{"angle":-22.5,"axis":"z","origin":[8.418794,7.9268126,7.8742576]},"faces":{"north":{"uv":[3.0,14.625,3.125,14.875],"tintindex":0,"texture":"#0"},"east":{"uv":[9.375,12.625,9.875,12.875],"tintindex":0,"texture":"#0"},"south":{"uv":[3.125,14.625,3.25,14.875],"tintindex":0,"texture":"#0"},"west":{"uv":[12.625,9.375,13.125,9.625],"tintindex":0,"texture":"#0"},"up":{"uv":[5.25,14.5,5.125,14.0],"tintindex":0,"texture":"#0"},"down":{"uv":[6.125,14.0,6.0,14.5],"tintindex":0,"texture":"#0"}}}],"display":{"fixed":{"scale":[4,4,4]}}}