{"textures":{"0":"bettermodel:item/demon_knight_demon_knight","particle":"bettermodel:item/demon_knight_demon_knight"},"elements":[{"from":[7.575301,6.397559,7.6489067],"to":[8.425702,8.000775,8.499309],"rotation":{"angle":45.0,"axis":"y","origin":[8.000502,8.690855,8.074107]},"faces":{"north":{"uv":[2.375,9.75,2.75,10.5],"tintindex":0,"texture":"#0"},"east":{"uv":[2.75,9.75,3.125,10.5],"tintindex":0,"texture":"#0"},"south":{"uv":[3.125,9.75,3.5,10.5],"tintindex":0,"texture":"#0"},"west":{"uv":[3.5,9.75,3.875,10.5],"tintindex":0,"texture":"#0"},"up":{"uv":[12.875,0.75,12.5,0.375],"tintindex":0,"texture":"#0"},"down":{"uv":[1.125,12.5,0.75,12.875],"tintindex":0,"texture":"#0"}}}],"display":{"fixed":{"scale":[4,4,4]}}}