{"textures":{"0":"bettermodel:item/demon_knight_demon_knight","particle":"bettermodel:item/demon_knight_demon_knight"},"elements":[{"from":[9.214295,6.4193225,7.547656],"to":[9.904375,7.1094027,8.467763],"faces":{"north":{"uv":[12.625,14.125,12.875,14.375],"tintindex":0,"texture":"#0"},"east":{"uv":[10.125,13.5,10.5,13.75],"tintindex":0,"texture":"#0"},"south":{"uv":[14.125,12.75,14.375,13.0],"tintindex":0,"texture":"#0"},"west":{"uv":[13.5,10.25,13.875,10.5],"tintindex":0,"texture":"#0"},"up":{"uv":[11.625,13.875,11.375,13.5],"tintindex":0,"texture":"#0"},"down":{"uv":[11.875,13.5,11.625,13.875],"tintindex":0,"texture":"#0"}}}],"display":{"fixed":{"scale":[4,4,4],"rotation":[0.0,0.0,-7.4999995]}}}