{"textures":{"0":"bettermodel:item/demon_knight_demon_knight","particle":"bettermodel:item/demon_knight_demon_knight"},"elements":[{"from":[7.6326776,6.039492,7.554733],"to":[9.242864,6.6668377,8.530603],"faces":{"north":{"uv":[11.25,4.875,12.0,5.125],"tintindex":0,"texture":"#0"},"east":{"uv":[12.25,2.75,12.75,3.0],"tintindex":0,"texture":"#0"},"south":{"uv":[11.25,5.75,12.0,6.0],"tintindex":0,"texture":"#0"},"west":{"uv":[12.375,1.875,12.875,2.125],"tintindex":0,"texture":"#0"},"up":{"uv":[9.25,6.25,8.5,5.75],"tintindex":0,"texture":"#0"},"down":{"uv":[1.125,8.625,0.375,9.125],"tintindex":0,"texture":"#0"}}},{"from":[7.76815,6.6697917,7.554733],"to":[9.120427,7.2971373,8.530603],"faces":{"north":{"uv":[11.875,3.625,12.5,3.875],"tintindex":0,"texture":"#0"},"east":{"uv":[7.125,1.5,7.625,1.75],"tintindex":0,"texture":"#0"},"south":{"uv":[4.75,11.875,5.375,12.125],"tintindex":0,"texture":"#0"},"west":{"uv":[9.125,2.875,9.625,3.125],"tintindex":0,"texture":"#0"},"up":{"uv":[9.625,8.5,9.0,8.0],"tintindex":0,"texture":"#0"},"down":{"uv":[9.625,8.5,9.0,9.0],"tintindex":0,"texture":"#0"}}},{"from":[7.859121,7.290392,7.554733],"to":[8.932578,7.987442,8.530603],"faces":{"north":{"uv":[5.5,3.75,6.0,4.125],"tintindex":0,"texture":"#0"},"east":{"uv":[7.625,0.625,8.125,1.0],"tintindex":0,"texture":"#0"},"south":{"uv":[11.25,2.75,11.75,3.125],"tintindex":0,"texture":"#0"},"west":{"uv":[11.25,4.0,11.75,4.375],"tintindex":0,"texture":"#0"},"up":{"uv":[8.625,10.375,8.125,9.875],"tintindex":0,"texture":"#0"},"down":{"uv":[9.125,9.875,8.625,10.375],"tintindex":0,"texture":"#0"}}}],"display":{"fixed":{"scale":[4,4,4],"rotation":[-0.0,0.0,9.999999]}}}