{"textures":{"0":"bettermodel:item/demon_knight_demon_knight","particle":"bettermodel:item/demon_knight_demon_knight"},"elements":[{"from":[5.598419,10.230004,8.196097],"to":[6.1375875,10.591425,8.670092],"faces":{"north":{"uv":[14.5,12.5,14.75,12.625],"tintindex":0,"texture":"#0"},"east":{"uv":[14.5,12.625,14.75,12.75],"tintindex":0,"texture":"#0"},"south":{"uv":[14.5,12.75,14.75,12.875],"tintindex":0,"texture":"#0"},"west":{"uv":[13.0,14.5,13.25,14.625],"tintindex":0,"texture":"#0"},"up":{"uv":[7.25,14.125,7.0,13.875],"tintindex":0,"texture":"#0"},"down":{"uv":[14.125,7.125,13.875,7.375],"tintindex":0,"texture":"#0"}}}],"display":{"fixed":{"scale":[4,4,4],"rotation":[-2.8261047E-6,-24.999996,-20.0]}}}