{"textures":{"0":"bettermodel:item/demon_knight_demon_knight","particle":"bettermodel:item/demon_knight_demon_knight"},"elements":[{"from":[7.930295,7.930295,7.1635394],"to":[8.13941,8.13941,8.55764],"faces":{"north":{"uv":[2.875,15.0,3.0,15.125],"tintindex":0,"texture":"#0"},"east":{"uv":[13.875,3.0,14.5,3.125],"tintindex":0,"texture":"#0"},"south":{"uv":[15.0,2.875,15.125,3.0],"tintindex":0,"texture":"#0"},"west":{"uv":[13.875,3.125,14.5,3.25],"tintindex":0,"texture":"#0"},"up":{"uv":[0.5,11.625,0.375,11.0],"tintindex":0,"texture":"#0"},"down":{"uv":[13.125,13.625,13.0,14.25],"tintindex":0,"texture":"#0"}}},{"from":[6.8986607,6.2573743,5.7694387],"to":[7.0380707,8.97587,7.1635394],"rotation":{"angle":-45.0,"axis":"y","origin":[6.9544244,8.313673,7.0241294]},"faces":{"north":{"uv":[7.5,11.875,7.625,13.125],"tintindex":0,"texture":"#0"},"east":{"uv":[4.125,5.25,4.75,6.5],"tintindex":0,"texture":"#0"},"south":{"uv":[7.625,11.875,7.75,13.125],"tintindex":0,"texture":"#0"},"west":{"uv":[4.75,5.25,5.375,6.5],"tintindex":0,"texture":"#0"},"up":{"uv":[2.875,14.375,2.75,13.75],"tintindex":0,"texture":"#0"},"down":{"uv":[3.0,13.75,2.875,14.375],"tintindex":0,"texture":"#0"}}},{"from":[6.8986607,5.4906187,5.7694387],"to":[7.0380707,6.2573743,6.6058993],"rotation":{"angle":-45.0,"axis":"y","origin":[6.9544244,5.037536,7.0241294]},"faces":{"north":{"uv":[5.125,14.5,5.25,14.875],"tintindex":0,"texture":"#0"},"east":{"uv":[6.875,12.5,7.25,12.875],"tintindex":0,"texture":"#0"},"south":{"uv":[6.75,14.5,6.875,14.875],"tintindex":0,"texture":"#0"},"west":{"uv":[8.0,12.5,8.375,12.875],"tintindex":0,"texture":"#0"},"up":{"uv":[7.25,14.875,7.125,14.5],"tintindex":0,"texture":"#0"},"down":{"uv":[8.25,14.5,8.125,14.875],"tintindex":0,"texture":"#0"}}},{"from":[6.8986607,6.2573743,8.558934],"to":[7.0380707,8.97587,9.953034],"rotation":{"angle":45.0,"axis":"y","origin":[6.9544244,8.313673,8.698344]},"faces":{"north":{"uv":[7.75,11.875,7.875,13.125],"tintindex":0,"texture":"#0"},"east":{"uv":[5.375,4.125,6.0,5.375],"tintindex":0,"texture":"#0"},"south":{"uv":[7.875,11.875,8.0,13.125],"tintindex":0,"texture":"#0"},"west":{"uv":[5.375,5.375,6.0,6.625],"tintindex":0,"texture":"#0"},"up":{"uv":[3.125,14.375,3.0,13.75],"tintindex":0,"texture":"#0"},"down":{"uv":[3.25,13.75,3.125,14.375],"tintindex":0,"texture":"#0"}}},{"from":[6.8986607,5.4906187,9.116574],"to":[7.0380707,6.2573743,9.953034],"rotation":{"angle":45.0,"axis":"y","origin":[6.9544244,5.037536,8.698344]},"faces":{"north":{"uv":[8.25,14.5,8.375,14.875],"tintindex":0,"texture":"#0"},"east":{"uv":[8.375,12.5,8.75,12.875],"tintindex":0,"texture":"#0"},"south":{"uv":[9.125,14.5,9.25,14.875],"tintindex":0,"texture":"#0"},"west":{"uv":[8.75,12.5,9.125,12.875],"tintindex":0,"texture":"#0"},"up":{"uv":[9.375,14.875,9.25,14.5],"tintindex":0,"texture":"#0"},"down":{"uv":[14.625,9.25,14.5,9.625],"tintindex":0,"texture":"#0"}}},{"from":[6.8150144,6.8150144,7.0798936],"to":[6.9544244,9.25469,8.641287],"faces":{"north":{"uv":[7.25,12.125,7.375,13.25],"tintindex":0,"texture":"#0"},"east":{"uv":[4.75,3.0,5.5,4.125],"tintindex":0,"texture":"#0"},"south":{"uv":[7.375,12.125,7.5,13.25],"tintindex":0,"texture":"#0"},"west":{"uv":[3.375,5.25,4.125,6.375],"tintindex":0,"texture":"#0"},"up":{"uv":[4.875,14.25,4.75,13.5],"tintindex":0,"texture":"#0"},"down":{"uv":[1.125,13.625,1.0,14.375],"tintindex":0,"texture":"#0"}}},{"from":[6.808044,9.226809,7.0798936],"to":[6.947454,10.063269,8.641287],"rotation":{"angle":-22.5,"axis":"z","origin":[6.877749,9.226809,7.86059]},"faces":{"north":{"uv":[14.5,9.625,14.625,10.0],"tintindex":0,"texture":"#0"},"east":{"uv":[9.75,0.0,10.5,0.375],"tintindex":0,"texture":"#0"},"south":{"uv":[10.0,14.5,10.125,14.875],"tintindex":0,"texture":"#0"},"west":{"uv":[9.875,1.125,10.625,1.5],"tintindex":0,"texture":"#0"},"up":{"uv":[4.0,14.375,3.875,13.625],"tintindex":0,"texture":"#0"},"down":{"uv":[11.375,13.625,11.25,14.375],"tintindex":0,"texture":"#0"}}},{"from":[7.4632716,7.930295,6.6058993],"to":[7.6723866,8.13941,7.44236],"rotation":{"angle":45.0,"axis":"y","origin":[7.567829,8.034853,6.7453094]},"faces":{"north":{"uv":[3.0,15.0,3.125,15.125],"tintindex":0,"texture":"#0"},"east":{"uv":[14.5,10.0,14.875,10.125],"tintindex":0,"texture":"#0"},"south":{"uv":[15.0,3.0,15.125,3.125],"tintindex":0,"texture":"#0"},"west":{"uv":[10.125,14.5,10.5,14.625],"tintindex":0,"texture":"#0"},"up":{"uv":[10.625,14.875,10.5,14.5],"tintindex":0,"texture":"#0"},"down":{"uv":[10.75,14.5,10.625,14.875],"tintindex":0,"texture":"#0"}}},{"from":[7.8633337,7.930295,8.439141],"to":[8.072449,8.13941,9.275602],"rotation":{"angle":-45.0,"axis":"y","origin":[7.967891,8.034853,8.578551]},"faces":{"north":{"uv":[3.125,15.0,3.25,15.125],"tintindex":0,"texture":"#0"},"east":{"uv":[14.5,10.125,14.875,10.25],"tintindex":0,"texture":"#0"},"south":{"uv":[15.0,3.125,15.125,3.25],"tintindex":0,"texture":"#0"},"west":{"uv":[14.5,10.625,14.875,10.75],"tintindex":0,"texture":"#0"},"up":{"uv":[11.0,14.875,10.875,14.5],"tintindex":0,"texture":"#0"},"down":{"uv":[11.125,14.5,11.0,14.875],"tintindex":0,"texture":"#0"}}}],"display":{"fixed":{"scale":[4,4,4]}}}