{"textures":{"0":"bettermodel:item/demon_knight_demon_knight","particle":"bettermodel:item/demon_knight_demon_knight"},"elements":[{"from":[9.043644,10.402044,8.124997],"to":[9.612437,10.876039,8.74119],"faces":{"north":{"uv":[0.375,12.25,0.625,12.5],"tintindex":0,"texture":"#0"},"east":{"uv":[2.125,12.25,2.375,12.5],"tintindex":0,"texture":"#0"},"south":{"uv":[4.375,13.75,4.625,14.0],"tintindex":0,"texture":"#0"},"west":{"uv":[5.875,13.75,6.125,14.0],"tintindex":0,"texture":"#0"},"up":{"uv":[7.875,14.0,7.625,13.75],"tintindex":0,"texture":"#0"},"down":{"uv":[0.875,13.875,0.625,14.125],"tintindex":0,"texture":"#0"}}}],"display":{"fixed":{"scale":[4,4,4],"rotation":[3.9447714E-6,24.999992,2.4999943]}}}