{"textures":{"0":"bettermodel:item/demon_knight_demon_knight","particle":"bettermodel:item/demon_knight_demon_knight"},"elements":[{"from":[6.070003,7.8415,7.941203],"to":[6.6834073,8.531579,8.345492],"faces":{"north":{"uv":[2.125,14.375,2.375,14.625],"tintindex":0,"texture":"#0"},"east":{"uv":[9.375,14.625,9.5,14.875],"tintindex":0,"texture":"#0"},"south":{"uv":[2.75,14.375,3.0,14.625],"tintindex":0,"texture":"#0"},"west":{"uv":[14.625,9.75,14.75,10.0],"tintindex":0,"texture":"#0"},"up":{"uv":[10.375,14.75,10.125,14.625],"tintindex":0,"texture":"#0"},"down":{"uv":[11.375,14.625,11.125,14.75],"tintindex":0,"texture":"#0"}}}],"display":{"fixed":{"scale":[4,4,4],"rotation":[-9.92926,-20.29348,-26.781347]}}}