{"textures":{"0":"bettermodel:item/demon_knight_demon_knight","particle":"bettermodel:item/demon_knight_demon_knight"},"elements":[{"from":[8.0494375,9.840815,7.8386955],"to":[8.327909,10.285184,8.786684],"faces":{"north":{"uv":[8.375,2.5,8.5,2.75],"tintindex":0,"texture":"#0"},"east":{"uv":[1.75,12.625,2.125,12.875],"tintindex":0,"texture":"#0"},"south":{"uv":[8.375,4.5,8.5,4.75],"tintindex":0,"texture":"#0"},"west":{"uv":[3.75,12.875,4.125,13.125],"tintindex":0,"texture":"#0"},"up":{"uv":[2.0,11.625,1.875,11.25],"tintindex":0,"texture":"#0"},"down":{"uv":[6.25,11.375,6.125,11.75],"tintindex":0,"texture":"#0"}}}],"display":{"fixed":{"scale":[4,4,4],"rotation":[5.1811917E-6,24.999996,-32.50001]}}}