{"textures":{"0":"bettermodel:item/demon_knight_demon_knight","particle":"bettermodel:item/demon_knight_demon_knight"},"elements":[{"from":[6.8847194,7.999668,7.1365023],"to":[9.11528,9.114948,8.948833],"faces":{"north":{"uv":[7.375,4.25,8.375,4.75],"tintindex":0,"texture":"#0"},"east":{"uv":[7.625,2.75,8.5,3.25],"tintindex":0,"texture":"#0"},"south":{"uv":[3.875,7.5,4.875,8.0],"tintindex":0,"texture":"#0"},"west":{"uv":[7.625,4.75,8.5,5.25],"tintindex":0,"texture":"#0"},"up":{"uv":[4.375,5.25,3.375,4.375],"tintindex":0,"texture":"#0"},"down":{"uv":[5.375,4.375,4.375,5.25],"tintindex":0,"texture":"#0"}}},{"from":[7.1635394,11.0666895,7.2759123],"to":[8.83646,11.48492,8.809423],"faces":{"north":{"uv":[11.125,0.5,11.875,0.75],"tintindex":0,"texture":"#0"},"east":{"uv":[4.625,11.125,5.375,11.375],"tintindex":0,"texture":"#0"},"south":{"uv":[11.125,9.0,11.875,9.25],"tintindex":0,"texture":"#0"},"west":{"uv":[11.125,9.25,11.875,9.5],"tintindex":0,"texture":"#0"},"up":{"uv":[7.625,5.5,6.875,4.75],"tintindex":0,"texture":"#0"},"down":{"uv":[7.625,5.5,6.875,6.25],"tintindex":0,"texture":"#0"}}},{"from":[6.4664893,10.230229,6.718272],"to":[9.53351,11.2060995,9.3670635],"faces":{"north":{"uv":[5.5,1.75,6.875,2.25],"tintindex":0,"texture":"#0"},"east":{"uv":[6.375,0.0,7.625,0.5],"tintindex":0,"texture":"#0"},"south":{"uv":[5.5,2.25,6.875,2.75],"tintindex":0,"texture":"#0"},"west":{"uv":[6.375,0.5,7.625,1.0],"tintindex":0,"texture":"#0"},"up":{"uv":[4.75,4.375,3.375,3.125],"tintindex":0,"texture":"#0"},"down":{"uv":[5.5,0.0,4.125,1.25],"tintindex":0,"texture":"#0"}}},{"from":[7.790885,10.369639,6.578862],"to":[8.209115,10.787869,6.718272],"rotation":{"angle":45.0,"axis":"z","origin":[8.0,10.578754,6.578862]},"faces":{"north":{"uv":[8.75,13.875,9.0,14.125],"tintindex":0,"texture":"#0"},"east":{"uv":[1.125,11.0,1.25,11.25],"tintindex":0,"texture":"#0"},"south":{"uv":[9.0,13.875,9.25,14.125],"tintindex":0,"texture":"#0"},"west":{"uv":[5.75,11.125,5.875,11.375],"tintindex":0,"texture":"#0"},"up":{"uv":[14.75,13.5,14.5,13.375],"tintindex":0,"texture":"#0"},"down":{"uv":[14.125,14.5,13.875,14.625],"tintindex":0,"texture":"#0"}}},{"from":[8.27882,9.114948,6.9970922],"to":[9.11528,10.230229,9.0882435],"faces":{"north":{"uv":[5.0,8.625,5.375,9.125],"tintindex":0,"texture":"#0"},"east":{"uv":[6.875,3.25,7.875,3.75],"tintindex":0,"texture":"#0"},"south":{"uv":[5.375,11.125,5.75,11.625],"tintindex":0,"texture":"#0"},"west":{"uv":[7.125,1.0,8.125,1.5],"tintindex":0,"texture":"#0"},"up":{"uv":[7.0,9.5,6.625,8.5],"tintindex":0,"texture":"#0"},"down":{"uv":[7.375,8.5,7.0,9.5],"tintindex":0,"texture":"#0"}}},{"from":[6.8847194,9.114948,6.9970922],"to":[7.72118,10.230229,9.0882435],"faces":{"north":{"uv":[1.125,11.25,1.5,11.75],"tintindex":0,"texture":"#0"},"east":{"uv":[2.875,7.375,3.875,7.875],"tintindex":0,"texture":"#0"},"south":{"uv":[11.25,1.125,11.625,1.625],"tintindex":0,"texture":"#0"},"west":{"uv":[7.375,3.75,8.375,4.25],"tintindex":0,"texture":"#0"},"up":{"uv":[7.75,9.5,7.375,8.5],"tintindex":0,"texture":"#0"},"down":{"uv":[0.375,8.625,0.0,9.625],"tintindex":0,"texture":"#0"}}},{"from":[9.11528,9.951409,7.2759123],"to":[10.230561,11.2060995,8.809423],"faces":{"north":{"uv":[3.375,9.125,3.875,9.75],"tintindex":0,"texture":"#0"},"east":{"uv":[7.625,1.5,8.375,2.125],"tintindex":0,"texture":"#0"},"south":{"uv":[9.125,4.25,9.625,4.875],"tintindex":0,"texture":"#0"},"west":{"uv":[7.625,2.125,8.375,2.75],"tintindex":0,"texture":"#0"},"up":{"uv":[2.375,9.5,1.875,8.75],"tintindex":0,"texture":"#0"},"down":{"uv":[8.25,8.75,7.75,9.5],"tintindex":0,"texture":"#0"}}},{"from":[6.0482593,9.114948,7.3456173],"to":[6.8847194,9.951409,8.739718],"faces":{"north":{"uv":[12.25,6.75,12.625,7.125],"tintindex":0,"texture":"#0"},"east":{"uv":[10.75,7.0,11.375,7.375],"tintindex":0,"texture":"#0"},"south":{"uv":[12.25,8.125,12.625,8.5],"tintindex":0,"texture":"#0"},"west":{"uv":[10.875,2.375,11.5,2.75],"tintindex":0,"texture":"#0"},"up":{"uv":[11.25,3.375,10.875,2.75],"tintindex":0,"texture":"#0"},"down":{"uv":[4.125,10.875,3.75,11.5],"tintindex":0,"texture":"#0"}}},{"from":[5.7694387,9.951409,7.2759123],"to":[6.8847194,11.2060995,8.809423],"faces":{"north":{"uv":[1.0,9.125,1.5,9.75],"tintindex":0,"texture":"#0"},"east":{"uv":[5.125,7.375,5.875,8.0],"tintindex":0,"texture":"#0"},"south":{"uv":[9.125,2.25,9.625,2.875],"tintindex":0,"texture":"#0"},"west":{"uv":[7.625,0.0,8.375,0.625],"tintindex":0,"texture":"#0"},"up":{"uv":[4.5,9.375,4.0,8.625],"tintindex":0,"texture":"#0"},"down":{"uv":[5.0,8.625,4.5,9.375],"tintindex":0,"texture":"#0"}}},{"from":[9.11528,9.114948,7.3456173],"to":[9.951741,9.951409,8.739718],"faces":{"north":{"uv":[5.125,12.25,5.5,12.625],"tintindex":0,"texture":"#0"},"east":{"uv":[10.5,0.5,11.125,0.875],"tintindex":0,"texture":"#0"},"south":{"uv":[12.25,6.375,12.625,6.75],"tintindex":0,"texture":"#0"},"west":{"uv":[3.75,10.5,4.375,10.875],"tintindex":0,"texture":"#0"},"up":{"uv":[4.75,11.125,4.375,10.5],"tintindex":0,"texture":"#0"},"down":{"uv":[5.125,10.5,4.75,11.125],"tintindex":0,"texture":"#0"}}},{"from":[7.72118,9.114948,7.1365023],"to":[8.27882,10.230229,8.948833],"faces":{"north":{"uv":[9.125,12.5,9.375,13.0],"tintindex":0,"texture":"#0"},"east":{"uv":[7.625,5.25,8.5,5.75],"tintindex":0,"texture":"#0"},"south":{"uv":[12.375,12.5,12.625,13.0],"tintindex":0,"texture":"#0"},"west":{"uv":[7.625,5.75,8.5,6.25],"tintindex":0,"texture":"#0"},"up":{"uv":[6.5,11.625,6.25,10.75],"tintindex":0,"texture":"#0"},"down":{"uv":[4.375,10.875,4.125,11.75],"tintindex":0,"texture":"#0"}}}],"display":{"fixed":{"scale":[4,4,4]}}}