{"textures":{"0":"bettermodel:item/demon_knight_demon_knight","particle":"bettermodel:item/demon_knight_demon_knight"},"elements":[{"from":[6.0662746,7.8415,7.6635084],"to":[6.679679,8.531579,8.067798],"faces":{"north":{"uv":[0.625,14.375,0.875,14.625],"tintindex":0,"texture":"#0"},"east":{"uv":[8.75,14.625,8.875,14.875],"tintindex":0,"texture":"#0"},"south":{"uv":[0.875,14.375,1.125,14.625],"tintindex":0,"texture":"#0"},"west":{"uv":[14.625,9.25,14.75,9.5],"tintindex":0,"texture":"#0"},"up":{"uv":[14.875,9.625,14.625,9.5],"tintindex":0,"texture":"#0"},"down":{"uv":[14.875,9.625,14.625,9.75],"tintindex":0,"texture":"#0"}}}],"display":{"fixed":{"scale":[4,4,4],"rotation":[9.92926,20.29348,-26.781347]}}}