{"textures":{"0":"bettermodel:item/demon_knight_demon_knight","particle":"bettermodel:item/demon_knight_demon_knight"},"elements":[{"from":[8.8201475,7.1480403,7.459891],"to":[10.046956,7.8381195,8.393938],"faces":{"north":{"uv":[12.625,9.625,13.125,9.875],"tintindex":0,"texture":"#0"},"east":{"uv":[13.5,6.625,13.875,6.875],"tintindex":0,"texture":"#0"},"south":{"uv":[12.625,9.875,13.125,10.125],"tintindex":0,"texture":"#0"},"west":{"uv":[13.5,6.875,13.875,7.125],"tintindex":0,"texture":"#0"},"up":{"uv":[10.0,11.875,9.5,11.5],"tintindex":0,"texture":"#0"},"down":{"uv":[0.5,11.625,0.0,12.0],"tintindex":0,"texture":"#0"}}}],"display":{"fixed":{"scale":[4,4,4],"rotation":[6.1191006,21.693651,-16.173538]}}}