{"textures":{"0":"bettermodel:item/demon_knight_demon_knight","particle":"bettermodel:item/demon_knight_demon_knight"},"elements":[{"from":[5.6778874,10.190965,8.890878],"to":[6.514348,11.445656,10.145569],"faces":{"north":{"uv":[10.5,8.375,10.875,9.0],"tintindex":0,"texture":"#0"},"east":{"uv":[7.75,7.5,8.375,8.125],"tintindex":0,"texture":"#0"},"south":{"uv":[10.5,10.375,10.875,11.0],"tintindex":0,"texture":"#0"},"west":{"uv":[2.875,7.875,3.5,8.5],"tintindex":0,"texture":"#0"},"up":{"uv":[1.625,11.25,1.25,10.625],"tintindex":0,"texture":"#0"},"down":{"uv":[2.0,10.625,1.625,11.25],"tintindex":0,"texture":"#0"}}}],"display":{"fixed":{"scale":[4,4,4],"rotation":[-7.7293963,-13.814704,-11.59644]}}}