{"textures":{"0":"bettermodel:item/demon_knight_demon_knight","particle":"bettermodel:item/demon_knight_demon_knight"},"elements":[{"from":[7.0485635,11.572039,8.338296],"to":[7.4277587,11.880135,8.527893],"faces":{"north":{"uv":[0.875,14.75,1.0,14.875],"tintindex":0,"texture":"#0"},"east":{"uv":[1.0,14.75,1.125,14.875],"tintindex":0,"texture":"#0"},"south":{"uv":[14.75,1.0,14.875,1.125],"tintindex":0,"texture":"#0"},"west":{"uv":[1.125,14.75,1.25,14.875],"tintindex":0,"texture":"#0"},"up":{"uv":[14.875,1.25,14.75,1.125],"tintindex":0,"texture":"#0"},"down":{"uv":[14.875,1.25,14.75,1.375],"tintindex":0,"texture":"#0"}}}],"display":{"fixed":{"scale":[4,4,4],"rotation":[-5.6816493E-6,-24.999992,1.4999934]}}}