{"textures":{"0":"bettermodel:item/demon_knight_demon_knight","particle":"bettermodel:item/demon_knight_demon_knight"},"elements":[{"from":[8.759085,11.784336,8.361995],"to":[9.108656,12.080584,8.504192],"faces":{"north":{"uv":[9.375,12.5,9.5,12.625],"tintindex":0,"texture":"#0"},"east":{"uv":[12.5,9.375,12.625,9.5],"tintindex":0,"texture":"#0"},"south":{"uv":[12.625,2.625,12.75,2.75],"tintindex":0,"texture":"#0"},"west":{"uv":[12.625,5.875,12.75,6.0],"tintindex":0,"texture":"#0"},"up":{"uv":[6.875,12.875,6.75,12.75],"tintindex":0,"texture":"#0"},"down":{"uv":[9.875,12.875,9.75,13.0],"tintindex":0,"texture":"#0"}}},{"from":[8.806484,12.080584,8.3856945],"to":[9.061256,12.28203,8.480494],"faces":{"north":{"uv":[13.125,2.5,13.25,2.625],"tintindex":0,"texture":"#0"},"east":{"uv":[13.125,5.75,13.25,5.875],"tintindex":0,"texture":"#0"},"south":{"uv":[5.0,13.25,5.125,13.375],"tintindex":0,"texture":"#0"},"west":{"uv":[11.375,13.375,11.5,13.5],"tintindex":0,"texture":"#0"},"up":{"uv":[13.25,13.5,13.125,13.375],"tintindex":0,"texture":"#0"},"down":{"uv":[0.75,13.5,0.625,13.625],"tintindex":0,"texture":"#0"}}}],"display":{"fixed":{"scale":[4,4,4],"rotation":[-2.4875617E-6,24.999996,0.9999978]}}}