{"textures":{"0":"bettermodel:item/demon_knight_demon_knight","particle":"bettermodel:item/demon_knight_demon_knight"},"elements":[{"from":[7.140432,7.2789416,6.732774],"to":[7.976892,7.9062867,7.6389394],"faces":{"north":{"uv":[13.25,11.125,13.625,11.375],"tintindex":0,"texture":"#0"},"east":{"uv":[11.5,13.25,11.875,13.5],"tintindex":0,"texture":"#0"},"south":{"uv":[13.25,11.75,13.625,12.0],"tintindex":0,"texture":"#0"},"west":{"uv":[11.875,13.25,12.25,13.5],"tintindex":0,"texture":"#0"},"up":{"uv":[12.5,11.75,12.125,11.375],"tintindex":0,"texture":"#0"},"down":{"uv":[0.375,12.25,0.0,12.625],"tintindex":0,"texture":"#0"}}},{"from":[6.9668818,6.6583414,6.6608872],"to":[7.8033423,7.285687,7.567053],"faces":{"north":{"uv":[9.75,13.25,10.125,13.5],"tintindex":0,"texture":"#0"},"east":{"uv":[10.125,13.25,10.5,13.5],"tintindex":0,"texture":"#0"},"south":{"uv":[13.25,10.625,13.625,10.875],"tintindex":0,"texture":"#0"},"west":{"uv":[13.25,10.875,13.625,11.125],"tintindex":0,"texture":"#0"},"up":{"uv":[9.125,12.5,8.75,12.125],"tintindex":0,"texture":"#0"},"down":{"uv":[9.5,12.125,9.125,12.5],"tintindex":0,"texture":"#0"}}},{"from":[6.8537655,6.028042,6.6140327],"to":[7.690226,6.655387,7.5201983],"faces":{"north":{"uv":[13.125,8.125,13.5,8.375],"tintindex":0,"texture":"#0"},"east":{"uv":[13.125,8.375,13.5,8.625],"tintindex":0,"texture":"#0"},"south":{"uv":[13.125,8.625,13.5,8.875],"tintindex":0,"texture":"#0"},"west":{"uv":[8.75,13.125,9.125,13.375],"tintindex":0,"texture":"#0"},"up":{"uv":[1.375,12.5,1.0,12.125],"tintindex":0,"texture":"#0"},"down":{"uv":[12.5,1.125,12.125,1.5],"tintindex":0,"texture":"#0"}}}],"display":{"fixed":{"scale":[4,4,4],"rotation":[4.114053,22.139915,-10.805239]}}}