{"textures":{"0":"bettermodel:item/demon_knight_demon_knight","particle":"bettermodel:item/demon_knight_demon_knight"},"elements":[{"from":[6.0422115,7.58407,7.653541],"to":[6.655616,8.27415,8.280887],"faces":{"north":{"uv":[6.375,14.25,6.625,14.5],"tintindex":0,"texture":"#0"},"east":{"uv":[6.625,14.25,6.875,14.5],"tintindex":0,"texture":"#0"},"south":{"uv":[7.375,14.25,7.625,14.5],"tintindex":0,"texture":"#0"},"west":{"uv":[14.25,7.5,14.5,7.75],"tintindex":0,"texture":"#0"},"up":{"uv":[7.875,14.5,7.625,14.25],"tintindex":0,"texture":"#0"},"down":{"uv":[14.5,7.75,14.25,8.0],"tintindex":0,"texture":"#0"}}}],"display":{"fixed":{"scale":[4,4,4],"rotation":[5.1229987,21.93857,-13.493599]}}}