{
	"credit": "Made with Blockbench",
	"textures": {
		"0": "block/texture",
		"particle": "block/texture"
	},
	"elements": [
		{
			"from": [7.5, 18, 6.5],
			"to": [7.5, 19, 7.5],
			"rotation": {"angle": 0, "axis": "y", "origin": [7, 18, 6.5]},
			"faces": {
				"north": {"uv": [0, 0, 0, 1], "texture": "#0"},
				"east": {"uv": [0, 0, 1, 1], "texture": "#0"},
				"south": {"uv": [0, 0, 0, 1], "texture": "#0"},
				"west": {"uv": [0, 1, 1, 2], "texture": "#0"},
				"up": {"uv": [0, 1, 0, 0], "texture": "#0"},
				"down": {"uv": [0, 0, 0, 1], "texture": "#0"}
			}
		},
		{
			"from": [7.5, 15, 8.5],
			"to": [7.5, 16, 9.5],
			"rotation": {"angle": 0, "axis": "y", "origin": [7, 15, 8.5]},
			"faces": {
				"north": {"uv": [0, 0, 0, 1], "texture": "#0"},
				"east": {"uv": [1, 0, 2, 1], "texture": "#0"},
				"south": {"uv": [0, 0, 0, 1], "texture": "#0"},
				"west": {"uv": [1, 1, 2, 2], "texture": "#0"},
				"up": {"uv": [0, 1, 0, 0], "texture": "#0"},
				"down": {"uv": [0, 0, 0, 1], "texture": "#0"}
			}
		},
		{
			"from": [7.5, 15, 7.5],
			"to": [7.5, 16, 8.5],
			"rotation": {"angle": 0, "axis": "y", "origin": [7, 15, 7.5]},
			"faces": {
				"north": {"uv": [0, 0, 0, 1], "texture": "#0"},
				"east": {"uv": [0, 2, 1, 3], "texture": "#0"},
				"south": {"uv": [0, 0, 0, 1], "texture": "#0"},
				"west": {"uv": [2, 0, 3, 1], "texture": "#0"},
				"up": {"uv": [0, 1, 0, 0], "texture": "#0"},
				"down": {"uv": [0, 0, 0, 1], "texture": "#0"}
			}
		},
		{
			"from": [7.5, 15, 6.5],
			"to": [7.5, 16, 7.5],
			"rotation": {"angle": 0, "axis": "y", "origin": [7, 15, 6.5]},
			"faces": {
				"north": {"uv": [0, 0, 0, 1], "texture": "#0"},
				"east": {"uv": [1, 2, 2, 3], "texture": "#0"},
				"south": {"uv": [0, 0, 0, 1], "texture": "#0"},
				"west": {"uv": [2, 1, 3, 2], "texture": "#0"},
				"up": {"uv": [0, 1, 0, 0], "texture": "#0"},
				"down": {"uv": [0, 0, 0, 1], "texture": "#0"}
			}
		},
		{
			"from": [7.5, 16, 6.5],
			"to": [7.5, 17, 7.5],
			"rotation": {"angle": 0, "axis": "y", "origin": [7, 16, 6.5]},
			"faces": {
				"north": {"uv": [0, 0, 0, 1], "texture": "#0"},
				"east": {"uv": [2, 2, 3, 3], "texture": "#0"},
				"south": {"uv": [0, 0, 0, 1], "texture": "#0"},
				"west": {"uv": [0, 3, 1, 4], "texture": "#0"},
				"up": {"uv": [0, 1, 0, 0], "texture": "#0"},
				"down": {"uv": [0, 0, 0, 1], "texture": "#0"}
			}
		},
		{
			"from": [7.5, 16, 7.5],
			"to": [7.5, 17, 8.5],
			"rotation": {"angle": 0, "axis": "y", "origin": [7, 16, 7.5]},
			"faces": {
				"north": {"uv": [0, 0, 0, 1], "texture": "#0"},
				"east": {"uv": [3, 0, 4, 1], "texture": "#0"},
				"south": {"uv": [0, 0, 0, 1], "texture": "#0"},
				"west": {"uv": [1, 3, 2, 4], "texture": "#0"},
				"up": {"uv": [0, 1, 0, 0], "texture": "#0"},
				"down": {"uv": [0, 0, 0, 1], "texture": "#0"}
			}
		},
		{
			"from": [7.5, 16, 8.5],
			"to": [7.5, 17, 9.5],
			"rotation": {"angle": 0, "axis": "y", "origin": [7, 16, 8.5]},
			"faces": {
				"north": {"uv": [0, 0, 0, 1], "texture": "#0"},
				"east": {"uv": [3, 1, 4, 2], "texture": "#0"},
				"south": {"uv": [0, 0, 0, 1], "texture": "#0"},
				"west": {"uv": [2, 3, 3, 4], "texture": "#0"},
				"up": {"uv": [0, 1, 0, 0], "texture": "#0"},
				"down": {"uv": [0, 0, 0, 1], "texture": "#0"}
			}
		},
		{
			"from": [7.5, 17, 8.5],
			"to": [7.5, 18, 9.5],
			"rotation": {"angle": 0, "axis": "y", "origin": [7, 17, 8.5]},
			"faces": {
				"north": {"uv": [0, 0, 0, 1], "texture": "#0"},
				"east": {"uv": [3, 2, 4, 3], "texture": "#0"},
				"south": {"uv": [0, 0, 0, 1], "texture": "#0"},
				"west": {"uv": [3, 3, 4, 4], "texture": "#0"},
				"up": {"uv": [0, 1, 0, 0], "texture": "#0"},
				"down": {"uv": [0, 0, 0, 1], "texture": "#0"}
			}
		},
		{
			"from": [7.5, 17, 7.5],
			"to": [7.5, 18, 8.5],
			"rotation": {"angle": 0, "axis": "y", "origin": [7, 17, 7.5]},
			"faces": {
				"north": {"uv": [0, 0, 0, 1], "texture": "#0"},
				"east": {"uv": [0, 4, 1, 5], "texture": "#0"},
				"south": {"uv": [0, 0, 0, 1], "texture": "#0"},
				"west": {"uv": [4, 0, 5, 1], "texture": "#0"},
				"up": {"uv": [0, 1, 0, 0], "texture": "#0"},
				"down": {"uv": [0, 0, 0, 1], "texture": "#0"}
			}
		},
		{
			"from": [7.5, 14, 8.5],
			"to": [7.5, 15, 9.5],
			"rotation": {"angle": 0, "axis": "y", "origin": [7, 14, 8.5]},
			"faces": {
				"north": {"uv": [0, 0, 0, 1], "texture": "#0"},
				"east": {"uv": [1, 4, 2, 5], "texture": "#0"},
				"south": {"uv": [0, 0, 0, 1], "texture": "#0"},
				"west": {"uv": [4, 1, 5, 2], "texture": "#0"},
				"up": {"uv": [0, 1, 0, 0], "texture": "#0"},
				"down": {"uv": [0, 0, 0, 1], "texture": "#0"}
			}
		},
		{
			"from": [7.5, 14, 7.5],
			"to": [7.5, 15, 8.5],
			"rotation": {"angle": 0, "axis": "y", "origin": [7, 14, 7.5]},
			"faces": {
				"north": {"uv": [0, 0, 0, 1], "texture": "#0"},
				"east": {"uv": [2, 4, 3, 5], "texture": "#0"},
				"south": {"uv": [0, 0, 0, 1], "texture": "#0"},
				"west": {"uv": [4, 2, 5, 3], "texture": "#0"},
				"up": {"uv": [0, 1, 0, 0], "texture": "#0"},
				"down": {"uv": [0, 0, 0, 1], "texture": "#0"}
			}
		},
		{
			"from": [7.5, 14, 6.5],
			"to": [7.5, 15, 7.5],
			"rotation": {"angle": 0, "axis": "y", "origin": [7, 14, 6.5]},
			"faces": {
				"north": {"uv": [0, 0, 0, 1], "texture": "#0"},
				"east": {"uv": [3, 4, 4, 5], "texture": "#0"},
				"south": {"uv": [0, 0, 0, 1], "texture": "#0"},
				"west": {"uv": [4, 3, 5, 4], "texture": "#0"},
				"up": {"uv": [0, 1, 0, 0], "texture": "#0"},
				"down": {"uv": [0, 0, 0, 1], "texture": "#0"}
			}
		},
		{
			"from": [7.5, 11, 7.5],
			"to": [7.5, 12, 8.5],
			"rotation": {"angle": 0, "axis": "y", "origin": [7, 11, 7.5]},
			"faces": {
				"north": {"uv": [0, 0, 0, 1], "texture": "#0"},
				"east": {"uv": [4, 4, 5, 5], "texture": "#0"},
				"south": {"uv": [0, 0, 0, 1], "texture": "#0"},
				"west": {"uv": [0, 5, 1, 6], "texture": "#0"},
				"up": {"uv": [0, 1, 0, 0], "texture": "#0"},
				"down": {"uv": [0, 0, 0, 1], "texture": "#0"}
			}
		},
		{
			"from": [7.5, 11, 6.5],
			"to": [7.5, 12, 7.5],
			"rotation": {"angle": 0, "axis": "y", "origin": [7, 11, 6.5]},
			"faces": {
				"north": {"uv": [0, 0, 0, 1], "texture": "#0"},
				"east": {"uv": [5, 0, 6, 1], "texture": "#0"},
				"south": {"uv": [0, 0, 0, 1], "texture": "#0"},
				"west": {"uv": [1, 5, 2, 6], "texture": "#0"},
				"up": {"uv": [0, 1, 0, 0], "texture": "#0"},
				"down": {"uv": [0, 0, 0, 1], "texture": "#0"}
			}
		},
		{
			"from": [7.5, 11, 8.5],
			"to": [7.5, 12, 9.5],
			"rotation": {"angle": 0, "axis": "y", "origin": [7, 11, 8.5]},
			"faces": {
				"north": {"uv": [0, 0, 0, 1], "texture": "#0"},
				"east": {"uv": [5, 1, 6, 2], "texture": "#0"},
				"south": {"uv": [0, 0, 0, 1], "texture": "#0"},
				"west": {"uv": [2, 5, 3, 6], "texture": "#0"},
				"up": {"uv": [0, 1, 0, 0], "texture": "#0"},
				"down": {"uv": [0, 0, 0, 1], "texture": "#0"}
			}
		},
		{
			"from": [7.5, 12, 8.5],
			"to": [7.5, 13, 9.5],
			"rotation": {"angle": 0, "axis": "y", "origin": [7, 12, 8.5]},
			"faces": {
				"north": {"uv": [0, 0, 0, 1], "texture": "#0"},
				"east": {"uv": [5, 2, 6, 3], "texture": "#0"},
				"south": {"uv": [0, 0, 0, 1], "texture": "#0"},
				"west": {"uv": [3, 5, 4, 6], "texture": "#0"},
				"up": {"uv": [0, 1, 0, 0], "texture": "#0"},
				"down": {"uv": [0, 0, 0, 1], "texture": "#0"}
			}
		},
		{
			"from": [7.5, 12, 7.5],
			"to": [7.5, 13, 8.5],
			"rotation": {"angle": 0, "axis": "y", "origin": [7, 12, 7.5]},
			"faces": {
				"north": {"uv": [0, 0, 0, 1], "texture": "#0"},
				"east": {"uv": [5, 3, 6, 4], "texture": "#0"},
				"south": {"uv": [0, 0, 0, 1], "texture": "#0"},
				"west": {"uv": [4, 5, 5, 6], "texture": "#0"},
				"up": {"uv": [0, 1, 0, 0], "texture": "#0"},
				"down": {"uv": [0, 0, 0, 1], "texture": "#0"}
			}
		},
		{
			"from": [7.5, 12, 6.5],
			"to": [7.5, 13, 7.5],
			"rotation": {"angle": 0, "axis": "y", "origin": [7, 12, 6.5]},
			"faces": {
				"north": {"uv": [0, 0, 0, 1], "texture": "#0"},
				"east": {"uv": [5, 4, 6, 5], "texture": "#0"},
				"south": {"uv": [0, 0, 0, 1], "texture": "#0"},
				"west": {"uv": [5, 5, 6, 6], "texture": "#0"},
				"up": {"uv": [0, 1, 0, 0], "texture": "#0"},
				"down": {"uv": [0, 0, 0, 1], "texture": "#0"}
			}
		},
		{
			"from": [7.5, 13, 6.5],
			"to": [7.5, 14, 7.5],
			"rotation": {"angle": 0, "axis": "y", "origin": [7, 13, 6.5]},
			"faces": {
				"north": {"uv": [0, 0, 0, 1], "texture": "#0"},
				"east": {"uv": [0, 6, 1, 7], "texture": "#0"},
				"south": {"uv": [0, 0, 0, 1], "texture": "#0"},
				"west": {"uv": [6, 0, 7, 1], "texture": "#0"},
				"up": {"uv": [0, 1, 0, 0], "texture": "#0"},
				"down": {"uv": [0, 0, 0, 1], "texture": "#0"}
			}
		},
		{
			"from": [7.5, 13, 8.5],
			"to": [7.5, 14, 9.5],
			"rotation": {"angle": 0, "axis": "y", "origin": [7, 13, 8.5]},
			"faces": {
				"north": {"uv": [0, 0, 0, 1], "texture": "#0"},
				"east": {"uv": [1, 6, 2, 7], "texture": "#0"},
				"south": {"uv": [0, 0, 0, 1], "texture": "#0"},
				"west": {"uv": [6, 1, 7, 2], "texture": "#0"},
				"up": {"uv": [0, 1, 0, 0], "texture": "#0"},
				"down": {"uv": [0, 0, 0, 1], "texture": "#0"}
			}
		},
		{
			"from": [7.5, 13, 7.5],
			"to": [7.5, 14, 8.5],
			"rotation": {"angle": 0, "axis": "y", "origin": [7, 13, 7.5]},
			"faces": {
				"north": {"uv": [0, 0, 0, 1], "texture": "#0"},
				"east": {"uv": [2, 6, 3, 7], "texture": "#0"},
				"south": {"uv": [0, 0, 0, 1], "texture": "#0"},
				"west": {"uv": [6, 2, 7, 3], "texture": "#0"},
				"up": {"uv": [0, 1, 0, 0], "texture": "#0"},
				"down": {"uv": [0, 0, 0, 1], "texture": "#0"}
			}
		},
		{
			"from": [7.5, 10, 8.5],
			"to": [7.5, 11, 9.5],
			"rotation": {"angle": 0, "axis": "y", "origin": [7, 10, 8.5]},
			"faces": {
				"north": {"uv": [0, 0, 0, 1], "texture": "#0"},
				"east": {"uv": [3, 6, 4, 7], "texture": "#0"},
				"south": {"uv": [0, 0, 0, 1], "texture": "#0"},
				"west": {"uv": [6, 3, 7, 4], "texture": "#0"},
				"up": {"uv": [0, 1, 0, 0], "texture": "#0"},
				"down": {"uv": [0, 0, 0, 1], "texture": "#0"}
			}
		},
		{
			"from": [7.5, 10, 7.5],
			"to": [7.5, 11, 8.5],
			"rotation": {"angle": 0, "axis": "y", "origin": [7, 10, 7.5]},
			"faces": {
				"north": {"uv": [0, 0, 0, 1], "texture": "#0"},
				"east": {"uv": [4, 6, 5, 7], "texture": "#0"},
				"south": {"uv": [0, 0, 0, 1], "texture": "#0"},
				"west": {"uv": [6, 4, 7, 5], "texture": "#0"},
				"up": {"uv": [0, 1, 0, 0], "texture": "#0"},
				"down": {"uv": [0, 0, 0, 1], "texture": "#0"}
			}
		},
		{
			"from": [7.5, 10, 6.5],
			"to": [7.5, 11, 7.5],
			"rotation": {"angle": 0, "axis": "y", "origin": [7, 10, 6.5]},
			"faces": {
				"north": {"uv": [0, 0, 0, 1], "texture": "#0"},
				"east": {"uv": [5, 6, 6, 7], "texture": "#0"},
				"south": {"uv": [0, 0, 0, 1], "texture": "#0"},
				"west": {"uv": [6, 5, 7, 6], "texture": "#0"},
				"up": {"uv": [0, 1, 0, 0], "texture": "#0"},
				"down": {"uv": [0, 0, 0, 1], "texture": "#0"}
			}
		},
		{
			"from": [7.5, 9, 6.5],
			"to": [7.5, 10, 7.5],
			"rotation": {"angle": 0, "axis": "y", "origin": [7, 9, 6.5]},
			"faces": {
				"north": {"uv": [0, 0, 0, 1], "texture": "#0"},
				"east": {"uv": [6, 6, 7, 7], "texture": "#0"},
				"south": {"uv": [0, 0, 0, 1], "texture": "#0"},
				"west": {"uv": [0, 7, 1, 8], "texture": "#0"},
				"up": {"uv": [0, 1, 0, 0], "texture": "#0"},
				"down": {"uv": [0, 0, 0, 1], "texture": "#0"}
			}
		},
		{
			"from": [7.5, 7, 7.5],
			"to": [7.5, 8, 8.5],
			"rotation": {"angle": 0, "axis": "y", "origin": [7, 7, 7.5]},
			"faces": {
				"north": {"uv": [0, 0, 0, 1], "texture": "#0"},
				"east": {"uv": [7, 0, 8, 1], "texture": "#0"},
				"south": {"uv": [0, 0, 0, 1], "texture": "#0"},
				"west": {"uv": [1, 7, 2, 8], "texture": "#0"},
				"up": {"uv": [0, 1, 0, 0], "texture": "#0"},
				"down": {"uv": [0, 0, 0, 1], "texture": "#0"}
			}
		},
		{
			"from": [7.5, 7, 5.5],
			"to": [7.5, 8, 6.5],
			"rotation": {"angle": 0, "axis": "y", "origin": [7, 7, 5.5]},
			"faces": {
				"north": {"uv": [0, 0, 0, 1], "texture": "#0"},
				"east": {"uv": [7, 1, 8, 2], "texture": "#0"},
				"south": {"uv": [0, 0, 0, 1], "texture": "#0"},
				"west": {"uv": [2, 7, 3, 8], "texture": "#0"},
				"up": {"uv": [0, 1, 0, 0], "texture": "#0"},
				"down": {"uv": [0, 0, 0, 1], "texture": "#0"}
			}
		},
		{
			"from": [7.5, 7, 6.5],
			"to": [7.5, 8, 7.5],
			"rotation": {"angle": 0, "axis": "y", "origin": [7, 7, 6.5]},
			"faces": {
				"north": {"uv": [0, 0, 0, 1], "texture": "#0"},
				"east": {"uv": [7, 2, 8, 3], "texture": "#0"},
				"south": {"uv": [0, 0, 0, 1], "texture": "#0"},
				"west": {"uv": [3, 7, 4, 8], "texture": "#0"},
				"up": {"uv": [0, 1, 0, 0], "texture": "#0"},
				"down": {"uv": [0, 0, 0, 1], "texture": "#0"}
			}
		},
		{
			"from": [7.5, 7, 8.5],
			"to": [7.5, 8, 9.5],
			"rotation": {"angle": 0, "axis": "y", "origin": [7, 7, 8.5]},
			"faces": {
				"north": {"uv": [0, 0, 0, 1], "texture": "#0"},
				"east": {"uv": [7, 3, 8, 4], "texture": "#0"},
				"south": {"uv": [0, 0, 0, 1], "texture": "#0"},
				"west": {"uv": [4, 7, 5, 8], "texture": "#0"},
				"up": {"uv": [0, 1, 0, 0], "texture": "#0"},
				"down": {"uv": [0, 0, 0, 1], "texture": "#0"}
			}
		},
		{
			"from": [7.5, 8, 8.5],
			"to": [7.5, 9, 9.5],
			"rotation": {"angle": 0, "axis": "y", "origin": [7, 8, 8.5]},
			"faces": {
				"north": {"uv": [0, 0, 0, 1], "texture": "#0"},
				"east": {"uv": [7, 4, 8, 5], "texture": "#0"},
				"south": {"uv": [0, 0, 0, 1], "texture": "#0"},
				"west": {"uv": [5, 7, 6, 8], "texture": "#0"},
				"up": {"uv": [0, 1, 0, 0], "texture": "#0"},
				"down": {"uv": [0, 0, 0, 1], "texture": "#0"}
			}
		},
		{
			"from": [7.5, 8, 9.5],
			"to": [7.5, 9, 10.5],
			"rotation": {"angle": 0, "axis": "y", "origin": [7, 8, 9.5]},
			"faces": {
				"north": {"uv": [0, 0, 0, 1], "texture": "#0"},
				"east": {"uv": [7, 5, 8, 6], "texture": "#0"},
				"south": {"uv": [0, 0, 0, 1], "texture": "#0"},
				"west": {"uv": [6, 7, 7, 8], "texture": "#0"},
				"up": {"uv": [0, 1, 0, 0], "texture": "#0"},
				"down": {"uv": [0, 0, 0, 1], "texture": "#0"}
			}
		},
		{
			"from": [7.5, 8, 7.5],
			"to": [7.5, 9, 8.5],
			"rotation": {"angle": 0, "axis": "y", "origin": [7, 8, 7.5]},
			"faces": {
				"north": {"uv": [0, 0, 0, 1], "texture": "#0"},
				"east": {"uv": [7, 6, 8, 7], "texture": "#0"},
				"south": {"uv": [0, 0, 0, 1], "texture": "#0"},
				"west": {"uv": [7, 7, 8, 8], "texture": "#0"},
				"up": {"uv": [0, 1, 0, 0], "texture": "#0"},
				"down": {"uv": [0, 0, 0, 1], "texture": "#0"}
			}
		},
		{
			"from": [7.5, 8, 6.5],
			"to": [7.5, 9, 7.5],
			"rotation": {"angle": 0, "axis": "y", "origin": [7, 8, 6.5]},
			"faces": {
				"north": {"uv": [0, 0, 0, 1], "texture": "#0"},
				"east": {"uv": [0, 8, 1, 9], "texture": "#0"},
				"south": {"uv": [0, 0, 0, 1], "texture": "#0"},
				"west": {"uv": [8, 0, 9, 1], "texture": "#0"},
				"up": {"uv": [0, 1, 0, 0], "texture": "#0"},
				"down": {"uv": [0, 0, 0, 1], "texture": "#0"}
			}
		},
		{
			"from": [7.5, 8, 5.5],
			"to": [7.5, 9, 6.5],
			"rotation": {"angle": 0, "axis": "y", "origin": [7, 8, 5.5]},
			"faces": {
				"north": {"uv": [0, 0, 0, 1], "texture": "#0"},
				"east": {"uv": [1, 8, 2, 9], "texture": "#0"},
				"south": {"uv": [0, 0, 0, 1], "texture": "#0"},
				"west": {"uv": [8, 1, 9, 2], "texture": "#0"},
				"up": {"uv": [0, 1, 0, 0], "texture": "#0"},
				"down": {"uv": [0, 0, 0, 1], "texture": "#0"}
			}
		},
		{
			"from": [7.5, 7, 4.5],
			"to": [7.5, 8, 5.5],
			"rotation": {"angle": 0, "axis": "y", "origin": [7, 7, 4.5]},
			"faces": {
				"north": {"uv": [0, 0, 0, 1], "texture": "#0"},
				"east": {"uv": [2, 8, 3, 9], "texture": "#0"},
				"south": {"uv": [0, 0, 0, 1], "texture": "#0"},
				"west": {"uv": [8, 2, 9, 3], "texture": "#0"},
				"up": {"uv": [0, 1, 0, 0], "texture": "#0"},
				"down": {"uv": [0, 0, 0, 1], "texture": "#0"}
			}
		},
		{
			"from": [7.5, 9, 8.5],
			"to": [7.5, 10, 9.5],
			"rotation": {"angle": 0, "axis": "y", "origin": [7, 9, 8.5]},
			"faces": {
				"north": {"uv": [0, 0, 0, 1], "texture": "#0"},
				"east": {"uv": [3, 8, 4, 9], "texture": "#0"},
				"south": {"uv": [0, 0, 0, 1], "texture": "#0"},
				"west": {"uv": [8, 3, 9, 4], "texture": "#0"},
				"up": {"uv": [0, 1, 0, 0], "texture": "#0"},
				"down": {"uv": [0, 0, 0, 1], "texture": "#0"}
			}
		},
		{
			"from": [7.5, 9, 7.5],
			"to": [7.5, 10, 8.5],
			"rotation": {"angle": 0, "axis": "y", "origin": [7, 9, 7.5]},
			"faces": {
				"north": {"uv": [0, 0, 0, 1], "texture": "#0"},
				"east": {"uv": [4, 8, 5, 9], "texture": "#0"},
				"south": {"uv": [0, 0, 0, 1], "texture": "#0"},
				"west": {"uv": [8, 4, 9, 5], "texture": "#0"},
				"up": {"uv": [0, 1, 0, 0], "texture": "#0"},
				"down": {"uv": [0, 0, 0, 1], "texture": "#0"}
			}
		},
		{
			"from": [7.5, 17, 6.5],
			"to": [7.5, 18, 7.5],
			"rotation": {"angle": 0, "axis": "y", "origin": [7, 17, 6.5]},
			"faces": {
				"north": {"uv": [0, 0, 0, 1], "texture": "#0"},
				"east": {"uv": [5, 8, 6, 9], "texture": "#0"},
				"south": {"uv": [0, 0, 0, 1], "texture": "#0"},
				"west": {"uv": [8, 5, 9, 6], "texture": "#0"},
				"up": {"uv": [0, 1, 0, 0], "texture": "#0"},
				"down": {"uv": [0, 0, 0, 1], "texture": "#0"}
			}
		},
		{
			"from": [7.5, 18, 7.5],
			"to": [7.5, 19, 8.5],
			"rotation": {"angle": 0, "axis": "y", "origin": [7, 18, 7.5]},
			"faces": {
				"north": {"uv": [0, 0, 0, 1], "texture": "#0"},
				"east": {"uv": [6, 8, 7, 9], "texture": "#0"},
				"south": {"uv": [0, 0, 0, 1], "texture": "#0"},
				"west": {"uv": [8, 6, 9, 7], "texture": "#0"},
				"up": {"uv": [0, 1, 0, 0], "texture": "#0"},
				"down": {"uv": [0, 0, 0, 1], "texture": "#0"}
			}
		},
		{
			"from": [7.5, 18, 8.5],
			"to": [7.5, 19, 9.5],
			"rotation": {"angle": 0, "axis": "y", "origin": [7, 18, 8.5]},
			"faces": {
				"north": {"uv": [0, 0, 0, 1], "texture": "#0"},
				"east": {"uv": [7, 8, 8, 9], "texture": "#0"},
				"south": {"uv": [0, 0, 0, 1], "texture": "#0"},
				"west": {"uv": [8, 7, 9, 8], "texture": "#0"},
				"up": {"uv": [0, 1, 0, 0], "texture": "#0"},
				"down": {"uv": [0, 0, 0, 1], "texture": "#0"}
			}
		},
		{
			"from": [7.5, 19, 8.5],
			"to": [7.5, 20, 9.5],
			"rotation": {"angle": 0, "axis": "y", "origin": [7, 19, 8.5]},
			"faces": {
				"north": {"uv": [0, 0, 0, 1], "texture": "#0"},
				"east": {"uv": [8, 8, 9, 9], "texture": "#0"},
				"south": {"uv": [0, 0, 0, 1], "texture": "#0"},
				"west": {"uv": [0, 9, 1, 10], "texture": "#0"},
				"up": {"uv": [0, 1, 0, 0], "texture": "#0"},
				"down": {"uv": [0, 0, 0, 1], "texture": "#0"}
			}
		},
		{
			"from": [7.5, 19, 7.5],
			"to": [7.5, 20, 8.5],
			"rotation": {"angle": 0, "axis": "y", "origin": [7, 19, 7.5]},
			"faces": {
				"north": {"uv": [0, 0, 0, 1], "texture": "#0"},
				"east": {"uv": [9, 0, 10, 1], "texture": "#0"},
				"south": {"uv": [0, 0, 0, 1], "texture": "#0"},
				"west": {"uv": [1, 9, 2, 10], "texture": "#0"},
				"up": {"uv": [0, 1, 0, 0], "texture": "#0"},
				"down": {"uv": [0, 0, 0, 1], "texture": "#0"}
			}
		},
		{
			"from": [7.5, 19, 6.5],
			"to": [7.5, 20, 7.5],
			"rotation": {"angle": 0, "axis": "y", "origin": [7, 19, 6.5]},
			"faces": {
				"north": {"uv": [0, 0, 0, 1], "texture": "#0"},
				"east": {"uv": [9, 1, 10, 2], "texture": "#0"},
				"south": {"uv": [0, 0, 0, 1], "texture": "#0"},
				"west": {"uv": [2, 9, 3, 10], "texture": "#0"},
				"up": {"uv": [0, 1, 0, 0], "texture": "#0"},
				"down": {"uv": [0, 0, 0, 1], "texture": "#0"}
			}
		},
		{
			"from": [7.5, 20, 6.5],
			"to": [7.5, 21, 7.5],
			"rotation": {"angle": 0, "axis": "y", "origin": [7, 20, 6.5]},
			"faces": {
				"north": {"uv": [0, 0, 0, 1], "texture": "#0"},
				"east": {"uv": [9, 2, 10, 3], "texture": "#0"},
				"south": {"uv": [0, 0, 0, 1], "texture": "#0"},
				"west": {"uv": [3, 9, 4, 10], "texture": "#0"},
				"up": {"uv": [0, 1, 0, 0], "texture": "#0"},
				"down": {"uv": [0, 0, 0, 1], "texture": "#0"}
			}
		},
		{
			"from": [7.5, 20, 7.5],
			"to": [7.5, 21, 8.5],
			"rotation": {"angle": 0, "axis": "y", "origin": [7, 20, 7.5]},
			"faces": {
				"north": {"uv": [0, 0, 0, 1], "texture": "#0"},
				"east": {"uv": [9, 3, 10, 4], "texture": "#0"},
				"south": {"uv": [0, 0, 0, 1], "texture": "#0"},
				"west": {"uv": [4, 9, 5, 10], "texture": "#0"},
				"up": {"uv": [0, 1, 0, 0], "texture": "#0"},
				"down": {"uv": [0, 0, 0, 1], "texture": "#0"}
			}
		},
		{
			"from": [7.5, 20, 8.5],
			"to": [7.5, 21, 9.5],
			"rotation": {"angle": 0, "axis": "y", "origin": [7, 20, 8.5]},
			"faces": {
				"north": {"uv": [0, 0, 0, 1], "texture": "#0"},
				"east": {"uv": [9, 4, 10, 5], "texture": "#0"},
				"south": {"uv": [0, 0, 0, 1], "texture": "#0"},
				"west": {"uv": [5, 9, 6, 10], "texture": "#0"},
				"up": {"uv": [0, 1, 0, 0], "texture": "#0"},
				"down": {"uv": [0, 0, 0, 1], "texture": "#0"}
			}
		},
		{
			"from": [7.5, 21, 8.5],
			"to": [7.5, 22, 9.5],
			"rotation": {"angle": 0, "axis": "y", "origin": [7, 21, 8.5]},
			"faces": {
				"north": {"uv": [0, 0, 0, 1], "texture": "#0"},
				"east": {"uv": [9, 5, 10, 6], "texture": "#0"},
				"south": {"uv": [0, 0, 0, 1], "texture": "#0"},
				"west": {"uv": [6, 9, 7, 10], "texture": "#0"},
				"up": {"uv": [0, 1, 0, 0], "texture": "#0"},
				"down": {"uv": [0, 0, 0, 1], "texture": "#0"}
			}
		},
		{
			"from": [7.5, 23, 7.5],
			"to": [7.5, 24, 8.5],
			"rotation": {"angle": 0, "axis": "y", "origin": [7, 23, 7.5]},
			"faces": {
				"north": {"uv": [0, 0, 0, 1], "texture": "#0"},
				"east": {"uv": [9, 6, 10, 7], "texture": "#0"},
				"south": {"uv": [0, 0, 0, 1], "texture": "#0"},
				"west": {"uv": [7, 9, 8, 10], "texture": "#0"},
				"up": {"uv": [0, 1, 0, 0], "texture": "#0"},
				"down": {"uv": [0, 0, 0, 1], "texture": "#0"}
			}
		},
		{
			"from": [7.5, 23, 6.5],
			"to": [7.5, 24, 7.5],
			"rotation": {"angle": 0, "axis": "y", "origin": [7, 23, 6.5]},
			"faces": {
				"north": {"uv": [0, 0, 0, 1], "texture": "#0"},
				"east": {"uv": [9, 7, 10, 8], "texture": "#0"},
				"south": {"uv": [0, 0, 0, 1], "texture": "#0"},
				"west": {"uv": [8, 9, 9, 10], "texture": "#0"},
				"up": {"uv": [0, 1, 0, 0], "texture": "#0"},
				"down": {"uv": [0, 0, 0, 1], "texture": "#0"}
			}
		},
		{
			"from": [7.5, 22, 6.5],
			"to": [7.5, 23, 7.5],
			"rotation": {"angle": 0, "axis": "y", "origin": [7, 22, 6.5]},
			"faces": {
				"north": {"uv": [0, 0, 0, 1], "texture": "#0"},
				"east": {"uv": [9, 8, 10, 9], "texture": "#0"},
				"south": {"uv": [0, 0, 0, 1], "texture": "#0"},
				"west": {"uv": [9, 9, 10, 10], "texture": "#0"},
				"up": {"uv": [0, 1, 0, 0], "texture": "#0"},
				"down": {"uv": [0, 0, 0, 1], "texture": "#0"}
			}
		},
		{
			"from": [7.5, 22, 7.5],
			"to": [7.5, 23, 8.5],
			"rotation": {"angle": 0, "axis": "y", "origin": [7, 22, 7.5]},
			"faces": {
				"north": {"uv": [0, 0, 0, 1], "texture": "#0"},
				"east": {"uv": [0, 10, 1, 11], "texture": "#0"},
				"south": {"uv": [0, 0, 0, 1], "texture": "#0"},
				"west": {"uv": [10, 0, 11, 1], "texture": "#0"},
				"up": {"uv": [0, 1, 0, 0], "texture": "#0"},
				"down": {"uv": [0, 0, 0, 1], "texture": "#0"}
			}
		},
		{
			"from": [7.5, 22, 8.5],
			"to": [7.5, 23, 9.5],
			"rotation": {"angle": 0, "axis": "y", "origin": [7, 22, 8.5]},
			"faces": {
				"north": {"uv": [0, 0, 0, 1], "texture": "#0"},
				"east": {"uv": [1, 10, 2, 11], "texture": "#0"},
				"south": {"uv": [0, 0, 0, 1], "texture": "#0"},
				"west": {"uv": [10, 1, 11, 2], "texture": "#0"},
				"up": {"uv": [0, 1, 0, 0], "texture": "#0"},
				"down": {"uv": [0, 0, 0, 1], "texture": "#0"}
			}
		},
		{
			"from": [7.5, 23, 8.5],
			"to": [7.5, 24, 9.5],
			"rotation": {"angle": 0, "axis": "y", "origin": [7, 23, 8.5]},
			"faces": {
				"north": {"uv": [0, 0, 0, 1], "texture": "#0"},
				"east": {"uv": [2, 10, 3, 11], "texture": "#0"},
				"south": {"uv": [0, 0, 0, 1], "texture": "#0"},
				"west": {"uv": [10, 2, 11, 3], "texture": "#0"},
				"up": {"uv": [0, 1, 0, 0], "texture": "#0"},
				"down": {"uv": [0, 0, 0, 1], "texture": "#0"}
			}
		},
		{
			"from": [7.5, 25, 7.5],
			"to": [7.5, 26, 8.5],
			"rotation": {"angle": 0, "axis": "y", "origin": [7, 25, 7.5]},
			"faces": {
				"north": {"uv": [0, 0, 0, 1], "texture": "#0"},
				"east": {"uv": [3, 10, 4, 11], "texture": "#0"},
				"south": {"uv": [0, 0, 0, 1], "texture": "#0"},
				"west": {"uv": [10, 3, 11, 4], "texture": "#0"},
				"up": {"uv": [0, 1, 0, 0], "texture": "#0"},
				"down": {"uv": [0, 0, 0, 1], "texture": "#0"}
			}
		},
		{
			"from": [7.5, 25, 6.5],
			"to": [7.5, 26, 7.5],
			"rotation": {"angle": 0, "axis": "y", "origin": [7, 25, 6.5]},
			"faces": {
				"north": {"uv": [0, 0, 0, 1], "texture": "#0"},
				"east": {"uv": [4, 10, 5, 11], "texture": "#0"},
				"south": {"uv": [0, 0, 0, 1], "texture": "#0"},
				"west": {"uv": [10, 4, 11, 5], "texture": "#0"},
				"up": {"uv": [0, 1, 0, 0], "texture": "#0"},
				"down": {"uv": [0, 0, 0, 1], "texture": "#0"}
			}
		},
		{
			"from": [7.5, 24, 6.5],
			"to": [7.5, 25, 7.5],
			"rotation": {"angle": 0, "axis": "y", "origin": [7, 24, 6.5]},
			"faces": {
				"north": {"uv": [0, 0, 0, 1], "texture": "#0"},
				"east": {"uv": [5, 10, 6, 11], "texture": "#0"},
				"south": {"uv": [0, 0, 0, 1], "texture": "#0"},
				"west": {"uv": [10, 5, 11, 6], "texture": "#0"},
				"up": {"uv": [0, 1, 0, 0], "texture": "#0"},
				"down": {"uv": [0, 0, 0, 1], "texture": "#0"}
			}
		},
		{
			"from": [7.5, 24, 7.5],
			"to": [7.5, 25, 8.5],
			"rotation": {"angle": 0, "axis": "y", "origin": [7, 24, 7.5]},
			"faces": {
				"north": {"uv": [0, 0, 0, 1], "texture": "#0"},
				"east": {"uv": [6, 10, 7, 11], "texture": "#0"},
				"south": {"uv": [0, 0, 0, 1], "texture": "#0"},
				"west": {"uv": [10, 6, 11, 7], "texture": "#0"},
				"up": {"uv": [0, 1, 0, 0], "texture": "#0"},
				"down": {"uv": [0, 0, 0, 1], "texture": "#0"}
			}
		},
		{
			"from": [7.5, 24, 8.5],
			"to": [7.5, 25, 9.5],
			"rotation": {"angle": 0, "axis": "y", "origin": [7, 24, 8.5]},
			"faces": {
				"north": {"uv": [0, 0, 0, 1], "texture": "#0"},
				"east": {"uv": [7, 10, 8, 11], "texture": "#0"},
				"south": {"uv": [0, 0, 0, 1], "texture": "#0"},
				"west": {"uv": [10, 7, 11, 8], "texture": "#0"},
				"up": {"uv": [0, 1, 0, 0], "texture": "#0"},
				"down": {"uv": [0, 0, 0, 1], "texture": "#0"}
			}
		},
		{
			"from": [7.5, 25, 8.5],
			"to": [7.5, 26, 9.5],
			"rotation": {"angle": 0, "axis": "y", "origin": [7, 25, 8.5]},
			"faces": {
				"north": {"uv": [0, 0, 0, 1], "texture": "#0"},
				"east": {"uv": [8, 10, 9, 11], "texture": "#0"},
				"south": {"uv": [0, 0, 0, 1], "texture": "#0"},
				"west": {"uv": [10, 8, 11, 9], "texture": "#0"},
				"up": {"uv": [0, 1, 0, 0], "texture": "#0"},
				"down": {"uv": [0, 0, 0, 1], "texture": "#0"}
			}
		},
		{
			"from": [7.5, 27, 7.5],
			"to": [7.5, 28, 8.5],
			"rotation": {"angle": 0, "axis": "y", "origin": [7, 27, 7.5]},
			"faces": {
				"north": {"uv": [0, 0, 0, 1], "texture": "#0"},
				"east": {"uv": [9, 10, 10, 11], "texture": "#0"},
				"south": {"uv": [0, 0, 0, 1], "texture": "#0"},
				"west": {"uv": [10, 9, 11, 10], "texture": "#0"},
				"up": {"uv": [0, 1, 0, 0], "texture": "#0"},
				"down": {"uv": [0, 0, 0, 1], "texture": "#0"}
			}
		},
		{
			"from": [7.5, 27, 6.5],
			"to": [7.5, 28, 7.5],
			"rotation": {"angle": 0, "axis": "y", "origin": [7, 27, 6.5]},
			"faces": {
				"north": {"uv": [0, 0, 0, 1], "texture": "#0"},
				"east": {"uv": [10, 10, 11, 11], "texture": "#0"},
				"south": {"uv": [0, 0, 0, 1], "texture": "#0"},
				"west": {"uv": [0, 11, 1, 12], "texture": "#0"},
				"up": {"uv": [0, 1, 0, 0], "texture": "#0"},
				"down": {"uv": [0, 0, 0, 1], "texture": "#0"}
			}
		},
		{
			"from": [7.5, 26, 6.5],
			"to": [7.5, 27, 7.5],
			"rotation": {"angle": 0, "axis": "y", "origin": [7, 26, 6.5]},
			"faces": {
				"north": {"uv": [0, 0, 0, 1], "texture": "#0"},
				"east": {"uv": [11, 0, 12, 1], "texture": "#0"},
				"south": {"uv": [0, 0, 0, 1], "texture": "#0"},
				"west": {"uv": [1, 11, 2, 12], "texture": "#0"},
				"up": {"uv": [0, 1, 0, 0], "texture": "#0"},
				"down": {"uv": [0, 0, 0, 1], "texture": "#0"}
			}
		},
		{
			"from": [7.5, 26, 7.5],
			"to": [7.5, 27, 8.5],
			"rotation": {"angle": 0, "axis": "y", "origin": [7, 26, 7.5]},
			"faces": {
				"north": {"uv": [0, 0, 0, 1], "texture": "#0"},
				"east": {"uv": [11, 1, 12, 2], "texture": "#0"},
				"south": {"uv": [0, 0, 0, 1], "texture": "#0"},
				"west": {"uv": [2, 11, 3, 12], "texture": "#0"},
				"up": {"uv": [0, 1, 0, 0], "texture": "#0"},
				"down": {"uv": [0, 0, 0, 1], "texture": "#0"}
			}
		},
		{
			"from": [7.5, 26, 8.5],
			"to": [7.5, 27, 9.5],
			"rotation": {"angle": 0, "axis": "y", "origin": [7, 26, 8.5]},
			"faces": {
				"north": {"uv": [0, 0, 0, 1], "texture": "#0"},
				"east": {"uv": [11, 2, 12, 3], "texture": "#0"},
				"south": {"uv": [0, 0, 0, 1], "texture": "#0"},
				"west": {"uv": [3, 11, 4, 12], "texture": "#0"},
				"up": {"uv": [0, 1, 0, 0], "texture": "#0"},
				"down": {"uv": [0, 0, 0, 1], "texture": "#0"}
			}
		},
		{
			"from": [7.5, 27, 8.5],
			"to": [7.5, 28, 9.5],
			"rotation": {"angle": 0, "axis": "y", "origin": [7, 27, 8.5]},
			"faces": {
				"north": {"uv": [0, 0, 0, 1], "texture": "#0"},
				"east": {"uv": [11, 3, 12, 4], "texture": "#0"},
				"south": {"uv": [0, 0, 0, 1], "texture": "#0"},
				"west": {"uv": [4, 11, 5, 12], "texture": "#0"},
				"up": {"uv": [0, 1, 0, 0], "texture": "#0"},
				"down": {"uv": [0, 0, 0, 1], "texture": "#0"}
			}
		},
		{
			"from": [7.5, 28, 8.5],
			"to": [7.5, 29, 9.5],
			"rotation": {"angle": 0, "axis": "y", "origin": [7, 28, 8.5]},
			"faces": {
				"north": {"uv": [0, 0, 0, 1], "texture": "#0"},
				"east": {"uv": [11, 4, 12, 5], "texture": "#0"},
				"south": {"uv": [0, 0, 0, 1], "texture": "#0"},
				"west": {"uv": [5, 11, 6, 12], "texture": "#0"},
				"up": {"uv": [0, 1, 0, 0], "texture": "#0"},
				"down": {"uv": [0, 0, 0, 1], "texture": "#0"}
			}
		},
		{
			"from": [7.5, 28, 7.5],
			"to": [7.5, 29, 8.5],
			"rotation": {"angle": 0, "axis": "y", "origin": [7, 28, 7.5]},
			"faces": {
				"north": {"uv": [0, 0, 0, 1], "texture": "#0"},
				"east": {"uv": [11, 5, 12, 6], "texture": "#0"},
				"south": {"uv": [0, 0, 0, 1], "texture": "#0"},
				"west": {"uv": [6, 11, 7, 12], "texture": "#0"},
				"up": {"uv": [0, 1, 0, 0], "texture": "#0"},
				"down": {"uv": [0, 0, 0, 1], "texture": "#0"}
			}
		},
		{
			"from": [7.5, 29, 8.5],
			"to": [7.5, 30, 9.5],
			"rotation": {"angle": 0, "axis": "y", "origin": [7, 29, 8.5]},
			"faces": {
				"north": {"uv": [0, 0, 0, 1], "texture": "#0"},
				"east": {"uv": [11, 6, 12, 7], "texture": "#0"},
				"south": {"uv": [0, 0, 0, 1], "texture": "#0"},
				"west": {"uv": [7, 11, 8, 12], "texture": "#0"},
				"up": {"uv": [0, 1, 0, 0], "texture": "#0"},
				"down": {"uv": [0, 0, 0, 1], "texture": "#0"}
			}
		},
		{
			"from": [7.5, 21, 6.5],
			"to": [7.5, 22, 7.5],
			"rotation": {"angle": 0, "axis": "y", "origin": [7, 21, 6.5]},
			"faces": {
				"north": {"uv": [0, 0, 0, 1], "texture": "#0"},
				"east": {"uv": [11, 7, 12, 8], "texture": "#0"},
				"south": {"uv": [0, 0, 0, 1], "texture": "#0"},
				"west": {"uv": [8, 11, 9, 12], "texture": "#0"},
				"up": {"uv": [0, 1, 0, 0], "texture": "#0"},
				"down": {"uv": [0, 0, 0, 1], "texture": "#0"}
			}
		},
		{
			"from": [7.5, 21, 7.5],
			"to": [7.5, 22, 8.5],
			"rotation": {"angle": 0, "axis": "y", "origin": [7, 21, 7.5]},
			"faces": {
				"north": {"uv": [0, 0, 0, 1], "texture": "#0"},
				"east": {"uv": [11, 8, 12, 9], "texture": "#0"},
				"south": {"uv": [0, 0, 0, 1], "texture": "#0"},
				"west": {"uv": [9, 11, 10, 12], "texture": "#0"},
				"up": {"uv": [0, 1, 0, 0], "texture": "#0"},
				"down": {"uv": [0, 0, 0, 1], "texture": "#0"}
			}
		},
		{
			"from": [7.5, 20, 6.5],
			"to": [7.5, 21, 7.5],
			"rotation": {"angle": 0, "axis": "y", "origin": [7, 20, 6.5]},
			"faces": {
				"north": {"uv": [0, 0, 0, 1], "texture": "#0"},
				"east": {"uv": [11, 9, 12, 10], "texture": "#0"},
				"south": {"uv": [0, 0, 0, 1], "texture": "#0"},
				"west": {"uv": [10, 11, 11, 12], "texture": "#0"},
				"up": {"uv": [0, 1, 0, 0], "texture": "#0"},
				"down": {"uv": [0, 0, 0, 1], "texture": "#0"}
			}
		},
		{
			"from": [7, 6, 6.5],
			"to": [8, 7, 7.5],
			"rotation": {"angle": 0, "axis": "y", "origin": [7, 5, 6.5]},
			"faces": {
				"north": {"uv": [11, 10, 12, 11], "texture": "#0"},
				"east": {"uv": [11, 11, 12, 12], "texture": "#0"},
				"south": {"uv": [0, 12, 1, 13], "texture": "#0"},
				"west": {"uv": [12, 0, 13, 1], "texture": "#0"},
				"up": {"uv": [2, 13, 1, 12], "texture": "#0"},
				"down": {"uv": [13, 1, 12, 2], "texture": "#0"}
			}
		},
		{
			"from": [7, 6, 7.5],
			"to": [8, 7, 8.5],
			"rotation": {"angle": 0, "axis": "y", "origin": [7, 5, 7.5]},
			"faces": {
				"north": {"uv": [2, 12, 3, 13], "texture": "#0"},
				"east": {"uv": [12, 2, 13, 3], "texture": "#0"},
				"south": {"uv": [3, 12, 4, 13], "texture": "#0"},
				"west": {"uv": [12, 3, 13, 4], "texture": "#0"},
				"up": {"uv": [5, 13, 4, 12], "texture": "#0"},
				"down": {"uv": [13, 4, 12, 5], "texture": "#0"}
			}
		},
		{
			"from": [7, 6, 8.5],
			"to": [8, 7, 9.5],
			"rotation": {"angle": 0, "axis": "y", "origin": [7, 5, 8.5]},
			"faces": {
				"north": {"uv": [5, 12, 6, 13], "texture": "#0"},
				"east": {"uv": [12, 5, 13, 6], "texture": "#0"},
				"south": {"uv": [6, 12, 7, 13], "texture": "#0"},
				"west": {"uv": [12, 6, 13, 7], "texture": "#0"},
				"up": {"uv": [8, 13, 7, 12], "texture": "#0"},
				"down": {"uv": [13, 7, 12, 8], "texture": "#0"}
			}
		},
		{
			"from": [7, 6, 9.5],
			"to": [8, 7, 10.5],
			"rotation": {"angle": 0, "axis": "y", "origin": [7, 5, 9.5]},
			"faces": {
				"north": {"uv": [8, 12, 9, 13], "texture": "#0"},
				"east": {"uv": [12, 8, 13, 9], "texture": "#0"},
				"south": {"uv": [9, 12, 10, 13], "texture": "#0"},
				"west": {"uv": [12, 9, 13, 10], "texture": "#0"},
				"up": {"uv": [11, 13, 10, 12], "texture": "#0"},
				"down": {"uv": [13, 10, 12, 11], "texture": "#0"}
			}
		},
		{
			"from": [7, 7, 9.5],
			"to": [8, 8, 10.5],
			"rotation": {"angle": 0, "axis": "y", "origin": [7, 6, 9.5]},
			"faces": {
				"north": {"uv": [11, 12, 12, 13], "texture": "#0"},
				"east": {"uv": [12, 11, 13, 12], "texture": "#0"},
				"south": {"uv": [12, 12, 13, 13], "texture": "#0"},
				"west": {"uv": [0, 13, 1, 14], "texture": "#0"},
				"up": {"uv": [14, 1, 13, 0], "texture": "#0"},
				"down": {"uv": [2, 13, 1, 14], "texture": "#0"}
			}
		},
		{
			"from": [7, 7, 10.5],
			"to": [8, 8, 11.5],
			"rotation": {"angle": 0, "axis": "y", "origin": [7, 6, 10.5]},
			"faces": {
				"north": {"uv": [13, 1, 14, 2], "texture": "#0"},
				"east": {"uv": [2, 13, 3, 14], "texture": "#0"},
				"south": {"uv": [13, 2, 14, 3], "texture": "#0"},
				"west": {"uv": [3, 13, 4, 14], "texture": "#0"},
				"up": {"uv": [14, 4, 13, 3], "texture": "#0"},
				"down": {"uv": [5, 13, 4, 14], "texture": "#0"}
			}
		},
		{
			"from": [7, 6, 5.5],
			"to": [8, 7, 6.5],
			"rotation": {"angle": 0, "axis": "y", "origin": [7, 5, 5.5]},
			"faces": {
				"north": {"uv": [13, 4, 14, 5], "texture": "#0"},
				"east": {"uv": [5, 13, 6, 14], "texture": "#0"},
				"south": {"uv": [13, 5, 14, 6], "texture": "#0"},
				"west": {"uv": [6, 13, 7, 14], "texture": "#0"},
				"up": {"uv": [14, 7, 13, 6], "texture": "#0"},
				"down": {"uv": [8, 13, 7, 14], "texture": "#0"}
			}
		},
		{
			"from": [7, 5, 8.5],
			"to": [8, 6, 9.5],
			"rotation": {"angle": 0, "axis": "y", "origin": [7, 4, 8.5]},
			"faces": {
				"north": {"uv": [13, 7, 14, 8], "texture": "#0"},
				"east": {"uv": [8, 13, 9, 14], "texture": "#0"},
				"south": {"uv": [13, 8, 14, 9], "texture": "#0"},
				"west": {"uv": [9, 13, 10, 14], "texture": "#0"},
				"up": {"uv": [14, 10, 13, 9], "texture": "#0"},
				"down": {"uv": [11, 13, 10, 14], "texture": "#0"}
			}
		},
		{
			"from": [7, 5, 7.5],
			"to": [8, 6, 8.5],
			"rotation": {"angle": 0, "axis": "y", "origin": [7, 4, 7.5]},
			"faces": {
				"north": {"uv": [13, 10, 14, 11], "texture": "#0"},
				"east": {"uv": [11, 13, 12, 14], "texture": "#0"},
				"south": {"uv": [13, 11, 14, 12], "texture": "#0"},
				"west": {"uv": [12, 13, 13, 14], "texture": "#0"},
				"up": {"uv": [14, 13, 13, 12], "texture": "#0"},
				"down": {"uv": [14, 13, 13, 14], "texture": "#0"}
			}
		},
		{
			"from": [7, 2, 7.5],
			"to": [8, 3, 8.5],
			"rotation": {"angle": 0, "axis": "y", "origin": [7, 1, 7.5]},
			"faces": {
				"north": {"uv": [0, 14, 1, 15], "texture": "#0"},
				"east": {"uv": [14, 0, 15, 1], "texture": "#0"},
				"south": {"uv": [1, 14, 2, 15], "texture": "#0"},
				"west": {"uv": [14, 1, 15, 2], "texture": "#0"},
				"up": {"uv": [3, 15, 2, 14], "texture": "#0"},
				"down": {"uv": [15, 2, 14, 3], "texture": "#0"}
			}
		},
		{
			"from": [7, 1, 7.5],
			"to": [8, 2, 8.5],
			"rotation": {"angle": 0, "axis": "y", "origin": [7, 0, 7.5]},
			"faces": {
				"north": {"uv": [3, 14, 4, 15], "texture": "#0"},
				"east": {"uv": [14, 3, 15, 4], "texture": "#0"},
				"south": {"uv": [4, 14, 5, 15], "texture": "#0"},
				"west": {"uv": [14, 4, 15, 5], "texture": "#0"},
				"up": {"uv": [6, 15, 5, 14], "texture": "#0"},
				"down": {"uv": [15, 5, 14, 6], "texture": "#0"}
			}
		},
		{
			"from": [7, 4, 7.5],
			"to": [8, 5, 8.5],
			"rotation": {"angle": 0, "axis": "y", "origin": [7, 3, 7.5]},
			"faces": {
				"north": {"uv": [6, 14, 7, 15], "texture": "#0"},
				"east": {"uv": [14, 6, 15, 7], "texture": "#0"},
				"south": {"uv": [7, 14, 8, 15], "texture": "#0"},
				"west": {"uv": [14, 7, 15, 8], "texture": "#0"},
				"up": {"uv": [9, 15, 8, 14], "texture": "#0"},
				"down": {"uv": [15, 8, 14, 9], "texture": "#0"}
			}
		},
		{
			"from": [7, 3, 7.5],
			"to": [8, 4, 8.5],
			"rotation": {"angle": 0, "axis": "y", "origin": [7, 2, 7.5]},
			"faces": {
				"north": {"uv": [9, 14, 10, 15], "texture": "#0"},
				"east": {"uv": [14, 9, 15, 10], "texture": "#0"},
				"south": {"uv": [10, 14, 11, 15], "texture": "#0"},
				"west": {"uv": [14, 10, 15, 11], "texture": "#0"},
				"up": {"uv": [12, 15, 11, 14], "texture": "#0"},
				"down": {"uv": [15, 11, 14, 12], "texture": "#0"}
			}
		},
		{
			"from": [7, 5, 6.5],
			"to": [8, 6, 7.5],
			"rotation": {"angle": 0, "axis": "y", "origin": [7, 4, 6.5]},
			"faces": {
				"north": {"uv": [12, 14, 13, 15], "texture": "#0"},
				"east": {"uv": [14, 12, 15, 13], "texture": "#0"},
				"south": {"uv": [13, 14, 14, 15], "texture": "#0"},
				"west": {"uv": [14, 13, 15, 14], "texture": "#0"},
				"up": {"uv": [15, 15, 14, 14], "texture": "#0"},
				"down": {"uv": [1, 15, 0, 16], "texture": "#0"}
			}
		},
		{
			"from": [7, 5, 5.5],
			"to": [8, 6, 6.5],
			"rotation": {"angle": 0, "axis": "y", "origin": [7, 4, 5.5]},
			"faces": {
				"north": {"uv": [15, 0, 16, 1], "texture": "#0"},
				"east": {"uv": [1, 15, 2, 16], "texture": "#0"},
				"south": {"uv": [15, 1, 16, 2], "texture": "#0"},
				"west": {"uv": [2, 15, 3, 16], "texture": "#0"},
				"up": {"uv": [16, 3, 15, 2], "texture": "#0"},
				"down": {"uv": [4, 15, 3, 16], "texture": "#0"}
			}
		},
		{
			"from": [7, 5, 4.5],
			"to": [8, 6, 5.5],
			"rotation": {"angle": 0, "axis": "y", "origin": [7, 4, 4.5]},
			"faces": {
				"north": {"uv": [15, 3, 16, 4], "texture": "#0"},
				"east": {"uv": [4, 15, 5, 16], "texture": "#0"},
				"south": {"uv": [15, 4, 16, 5], "texture": "#0"},
				"west": {"uv": [5, 15, 6, 16], "texture": "#0"},
				"up": {"uv": [16, 6, 15, 5], "texture": "#0"},
				"down": {"uv": [7, 15, 6, 16], "texture": "#0"}
			}
		}
	],
	"display": {
		"thirdperson_righthand": {
			"translation": [0.5, 3, 1.75]
		},
		"thirdperson_lefthand": {
			"translation": [0, 3, 1.5]
		},
		"firstperson_righthand": {
			"rotation": [-24, 14, -5.77],
			"translation": [2.5, -6.75, 0]
		},
		"firstperson_lefthand": {
			"rotation": [-16, 0, 0],
			"translation": [2.75, -7.25, 0]
		},
		"ground": {
			"rotation": [90, 90, 0],
			"scale": [0.75, 0.75, 0.75]
		},
		"gui": {
			"rotation": [72, -120, 90],
			"translation": [-2.25, -4.25, 0],
			"scale": [0.73, 0.73, 0.73]
		},
		"head": {
			"rotation": [-75, 0, 0],
			"translation": [0, 2.75, -10]
		},
		"fixed": {
			"rotation": [88, -30, 0],
			"translation": [-0.75, 0, -12.75],
			"scale": [1.82, 1.82, 1.82]
		}
	},
	"groups": [
		{
			"name": "group",
			"origin": [7, 0, 7.5],
			"color": 0,
			"children": [
				0,
				1,
				2,
				3,
				4,
				5,
				6,
				7,
				8,
				9,
				10,
				11,
				12,
				13,
				14,
				15,
				16,
				17,
				18,
				19,
				20,
				21,
				22,
				23,
				24,
				25,
				26,
				27,
				28,
				29,
				30,
				31,
				32,
				33,
				34,
				35,
				36,
				37,
				38,
				39,
				40,
				41,
				42,
				43,
				44,
				45,
				46,
				47,
				48,
				49,
				50,
				51,
				52,
				53,
				54,
				55,
				56,
				57,
				58,
				59,
				60,
				61,
				62,
				63,
				64,
				65,
				66,
				67,
				68,
				69,
				70,
				71,
				72,
				73,
				74,
				75,
				76,
				77,
				78,
				79,
				80,
				81,
				82,
				83,
				84,
				85,
				86
			]
		}
	]
}