{
	"credit": "Made with Blockbench",
	"texture_size": [32, 32],
	"textures": {
		"0": "item/cooked_mutton_hand",
		"particle": "item/cooked_mutton_hand"
	},
	"elements": [
		{
			"from": [3.37883, 0, 4.86575],
			"to": [10.37883, 3, 11.86575],
			"rotation": {"angle": 0, "axis": "y", "origin": [8.16751, 1.49375, 7.77934]},
			"faces": {
				"north": {"uv": [6, 6, 9.5, 7.5], "texture": "#0"},
				"east": {"uv": [0, 7, 3.5, 8.5], "texture": "#0"},
				"south": {"uv": [6, 3, 9.5, 4.5], "texture": "#0"},
				"west": {"uv": [6, 4.5, 9.5, 6], "texture": "#0"},
				"up": {"uv": [3.5, 3.5, 0, 0], "rotation": 180, "texture": "#0"},
				"down": {"uv": [3.5, 3.5, 0, 7], "rotation": 180, "texture": "#0"}
			}
		},
		{
			"from": [6.63368, 0.025, 1.74086],
			"to": [11.63368, 2.95, 10.74795],
			"rotation": {"angle": -22.5, "axis": "y", "origin": [8.16751, 1.49375, 7.77934]},
			"faces": {
				"north": {"uv": [0, 8.5, 2.5, 10], "texture": "#0"},
				"east": {"uv": [6.49646, 1.5, 10.5, 3], "texture": "#0"},
				"south": {"uv": [6, 7.5, 8.5, 9], "texture": "#0"},
				"west": {"uv": [6, 0, 10.00354, 1.5], "texture": "#0"},
				"up": {"uv": [6, 4.00354, 3.5, 0], "rotation": 180, "texture": "#0"},
				"down": {"uv": [6, 4.5, 3.5, 8.50354], "rotation": 180, "texture": "#0"}
			}
		}
	],
	"display": {
		"thirdperson_righthand": {
			"rotation": [90, 0, 0],
			"translation": [-1.75, 0, 4.25],
			"scale": [0.49, 0.49, 0.49]
		},
		"thirdperson_lefthand": {
			"rotation": [90, 0, 0],
			"translation": [-1.75, 0, 4.25],
			"scale": [0.49, 0.49, 0.49]
		},
		"firstperson_righthand": {
			"rotation": [15.17, -7.07, 14.74],
			"translation": [-0.25, 6, 1.75],
			"scale": [0.57, 0.55, 0.5]
		},
		"firstperson_lefthand": {
			"rotation": [22.54, -40.81, 26.24],
			"translation": [-0.25, 6, 1.75],
			"scale": [0.57, 0.55, 0.5]
		}
	}
}