{
	"credit": "Made with Blockbench",
	"texture_size": [32, 32],
	"textures": {
		"1": "item/cooked_mutton_hand"
	},
	"elements": [
		{
			"from": [6.37133, 0, 4.86575],
			"to": [10.37883, 3, 7.87008],
			"rotation": {"angle": 0, "axis": "y", "origin": [8.16751, 1.49375, 7.77933]},
			"faces": {
				"north": {"uv": [6, 6, 8.00375, 7.5], "texture": "#1"},
				"east": {"uv": [1.99783, 7, 3.5, 8.5], "texture": "#1"},
				"south": {"uv": [10.99625, 4.5, 13, 6], "texture": "#1"},
				"west": {"uv": [9.5, 3, 11.00217, 4.5], "texture": "#1"},
				"up": {"uv": [3.5, 1.50217, 1.49625, 0], "rotation": 180, "texture": "#1"},
				"down": {"uv": [3.5, 3.5, 1.49625, 5.00217], "rotation": 180, "texture": "#1"}
			}
		},
		{
			"from": [9.62619, 0.025, 1.74086],
			"to": [11.63368, 2.99, 6.97019],
			"rotation": {"angle": -22.5, "axis": "y", "origin": [8.16751, 1.46875, 7.77933]},
			"faces": {
				"north": {"uv": [0, 8.5, 1.00375, 10], "texture": "#1"},
				"east": {"uv": [8.17562, 1.5, 10.5, 3], "texture": "#1"},
				"south": {"uv": [7.49625, 7.5, 8.5, 9], "texture": "#1"},
				"west": {"uv": [6, 0, 8.32438, 1.5], "texture": "#1"},
				"up": {"uv": [6, 2.32438, 4.99625, 0], "rotation": 180, "texture": "#1"},
				"down": {"uv": [6, 4.5, 4.99625, 6.82438], "rotation": 180, "texture": "#1"}
			}
		},
		{
			"from": [6.63368, 0.025, 1.74086],
			"to": [9.62619, 2.99, 6.27019],
			"rotation": {"angle": -22.5, "axis": "y", "origin": [8.16751, 1.46875, 7.77933]},
			"faces": {
				"north": {"uv": [1.00375, 8.5, 2.5, 10], "texture": "#1"},
				"east": {"uv": [8.49783, 1.5, 10.5, 3], "texture": "#1"},
				"south": {"uv": [6, 7.5, 7.49625, 9], "texture": "#1"},
				"west": {"uv": [6, 0, 8.00217, 1.5], "texture": "#1"},
				"up": {"uv": [4.99625, 2.00217, 3.5, 0], "rotation": 180, "texture": "#1"},
				"down": {"uv": [4.99625, 4.5, 3.5, 6.50217], "rotation": 180, "texture": "#1"}
			}
		}
	],
	"display": {
		"thirdperson_righthand": {
			"rotation": [90, 0, 0],
			"translation": [-1.75, 0, 4.25],
			"scale": [0.49, 0.49, 0.49]
		},
		"thirdperson_lefthand": {
			"rotation": [90, 0, 0],
			"translation": [-1.75, 0, 4.25],
			"scale": [0.49, 0.49, 0.49]
		},
		"firstperson_righthand": {
			"rotation": [-81.06, -69.39, -72.08],
			"translation": [0.25, 9.5, 0.75],
			"scale": [0.57, 0.64, 0.48]
		},
		"firstperson_lefthand": {
			"rotation": [-81.06, -69.39, -72.08],
			"translation": [0.25, 9.5, 0.5],
			"scale": [0.57, 0.64, 0.48]
		}
	}
}