{
	"credit": "Made with Blockbench",
	"textures": {
		"2": "item/cooked_porkchop_hand",
		"particle": "item/cooked_porkchop_hand"
	},
	"elements": [
		{
			"from": [4.5, 0, 3.5],
			"to": [11.5, 3, 12.5],
			"rotation": {"angle": 0, "axis": "y", "origin": [4.5, 0, 12.5]},
			"faces": {
				"north": {"uv": [9, 12, 16, 15], "texture": "#2"},
				"east": {"uv": [9, 12, 0, 15], "texture": "#2"},
				"south": {"uv": [16, 9, 9, 12], "texture": "#2"},
				"west": {"uv": [9, 9, 0, 12], "texture": "#2"},
				"up": {"uv": [7, 0, 0, 9], "texture": "#2"},
				"down": {"uv": [14, 9, 7, 0], "texture": "#2"}
			}
		}
	],
	"display": {
		"thirdperson_righthand": {
			"rotation": [90, 0, 0],
			"translation": [-1.75, 0, 4.25],
			"scale": [0.49, 0.49, 0.49]
		},
		"thirdperson_lefthand": {
			"rotation": [90, 0, 0],
			"translation": [-1.75, 0, 4.25],
			"scale": [0.49, 0.49, 0.49]
		},
		"firstperson_righthand": {
			"rotation": [5.5, 0, 0],
			"translation": [-0.5, 7, 1.25],
			"scale": [0.57, 0.64, 0.48]
		},
		"firstperson_lefthand": {
			"rotation": [5.5, 0, 0],
			"translation": [-0.5, 7, 1.25],
			"scale": [0.57, 0.64, 0.48]
		}
	}
}