{
	"credit": "Made with Blockbench",
	"texture_size": [32, 32],
	"textures": {
		"1": "item/raw_beef_hand",
		"particle": "item/raw_beef_hand"
	},
	"elements": [
		{
			"from": [4, 0, 2],
			"to": [12, 3, 11],
			"rotation": {"angle": 0, "axis": "y", "origin": [4, 0, 2]},
			"faces": {
				"north": {"uv": [4, 1.5, 8, 3], "texture": "#1"},
				"east": {"uv": [5, 0, 9.5, 1.5], "texture": "#1"},
				"south": {"uv": [8, 3, 4, 4.5], "texture": "#1"},
				"west": {"uv": [4, 0, 8.5, 1.5], "texture": "#1"},
				"up": {"uv": [4, 5.5, 0, 1], "texture": "#1"},
				"down": {"uv": [0, 6.5, 4, 11], "texture": "#1"}
			}
		}
	],
	"display": {
		"thirdperson_righthand": {
			"rotation": [90, 0, 0],
			"translation": [-1.75, 0, 4.25],
			"scale": [0.49, 0.49, 0.49]
		},
		"thirdperson_lefthand": {
			"rotation": [90, 0, 0],
			"translation": [-1.75, 0, 4.25],
			"scale": [0.49, 0.49, 0.49]
		},
		"firstperson_righthand": {
			"rotation": [-81.06, -69.39, -72.08],
			"translation": [0.25, 9.5, 0.5],
			"scale": [0.57, 0.64, 0.48]
		},
		"firstperson_lefthand": {
			"rotation": [-81.06, -69.39, -72.08],
			"translation": [0.25, 9.5, 0.5],
			"scale": [0.57, 0.64, 0.48]
		}
	}
}