{
	"credit": "Made with Blockbench",
	"texture_size": [32, 32],
	"textures": {
		"1": "item/steak_hand",
		"particle": "item/raw_beef_hand"
	},
	"elements": [
		{
			"from": [4, 0, 2],
			"to": [12, 3, 13],
			"rotation": {"angle": 0, "axis": "y", "origin": [4, 0, 2]},
			"faces": {
				"north": {"uv": [5.5, 5.5, 9.5, 7], "texture": "#1"},
				"east": {"uv": [0, 5.5, 5.5, 7], "texture": "#1"},
				"south": {"uv": [9.5, 5.5, 5.5, 7], "texture": "#1"},
				"west": {"uv": [0, 5.5, 5.5, 7], "texture": "#1"},
				"up": {"uv": [4, 5.5, 0, 0], "texture": "#1"},
				"down": {"uv": [8, 0, 4, 5.5], "texture": "#1"}
			}
		}
	],
	"display": {
		"thirdperson_righthand": {
			"rotation": [90, 0, 0],
			"translation": [-1.75, 0, 4.25],
			"scale": [0.49, 0.49, 0.49]
		},
		"thirdperson_lefthand": {
			"rotation": [90, 0, 0],
			"translation": [-1.75, 0, 4.25],
			"scale": [0.49, 0.49, 0.49]
		},
		"firstperson_righthand": {
			"rotation": [5.5, 0, 0],
			"translation": [-0.5, 7, 1.25],
			"scale": [0.57, 0.64, 0.48]
		},
		"firstperson_lefthand": {
			"rotation": [5.5, 0, 0],
			"translation": [-0.5, 7, 1.25],
			"scale": [0.57, 0.64, 0.48]
		}
	}
}