{
	"credit": "Made with Blockbench",
	"texture_size": [32, 32],
	"textures": {
		"3": "item/cod_hand"
	},
	"elements": [
		{
			"name": "body",
			"from": [7, 0, 4],
			"to": [9, 4, 11],
			"rotation": {"angle": 0, "axis": "y", "origin": [7, 2, 7.25]},
			"faces": {
				"north": {"uv": [5, 4, 6, 6], "texture": "#3"},
				"east": {"uv": [0, 0, 3.5, 2], "texture": "#3"},
				"south": {"uv": [2, 6, 3, 8], "texture": "#3"},
				"west": {"uv": [0, 2, 3.5, 4], "texture": "#3"},
				"up": {"uv": [1, 7.5, 0, 4], "texture": "#3"},
				"down": {"uv": [2, 4, 1, 7.5], "texture": "#3"}
			}
		},
		{
			"name": "body",
			"from": [8, 4, 3],
			"to": [8, 5, 9],
			"rotation": {"angle": 0, "axis": "y", "origin": [8, 2, 7.25]},
			"faces": {
				"north": {"uv": [0, 0, 0, 0.5], "texture": "#3"},
				"east": {"uv": [6, 4, 9, 4.5], "texture": "#3"},
				"south": {"uv": [0, 0, 0, 0.5], "texture": "#3"},
				"west": {"uv": [6, 4, 9, 4.5], "texture": "#3"},
				"up": {"uv": [0, 3, 0, 0], "texture": "#3"},
				"down": {"uv": [0, 0, 0, 3], "texture": "#3"}
			}
		},
		{
			"name": "body",
			"from": [8, -1, 6],
			"to": [8, 0, 8],
			"rotation": {"angle": 0, "axis": "y", "origin": [8, 2, 7.25]},
			"faces": {
				"north": {"uv": [0, 0, 0, 0.5], "texture": "#3"},
				"east": {"uv": [6.5, 3.5, 7.5, 4], "texture": "#3"},
				"south": {"uv": [0, 0, 0, 0.5], "texture": "#3"},
				"west": {"uv": [0, 7.5, 1, 8], "texture": "#3"},
				"up": {"uv": [0, 1, 0, 0], "texture": "#3"},
				"down": {"uv": [0, 0, 0, 1], "texture": "#3"}
			}
		},
		{
			"name": "head",
			"from": [6.9992, 1.0008, 0],
			"to": [8.9992, 4.0008, 1],
			"rotation": {"angle": 0, "axis": "y", "origin": [8, 2, 7.25]},
			"faces": {
				"north": {"uv": [6, 4.5, 7, 6], "texture": "#3"},
				"east": {"uv": [7, 4.5, 7.5, 6], "texture": "#3"},
				"south": {"uv": [5, 6, 6, 7.5], "texture": "#3"},
				"west": {"uv": [7, 6, 7.5, 7.5], "texture": "#3"},
				"up": {"uv": [2, 8, 1, 7.5], "texture": "#3"},
				"down": {"uv": [8.5, 2, 7.5, 2.5], "texture": "#3"}
			}
		},
		{
			"name": "head",
			"from": [7, 0, 1],
			"to": [9, 4, 4],
			"rotation": {"angle": 0, "axis": "y", "origin": [8, 2, 7.25]},
			"faces": {
				"north": {"uv": [3, 6, 4, 8], "texture": "#3"},
				"east": {"uv": [2, 4, 3.5, 6], "texture": "#3"},
				"south": {"uv": [4, 6, 5, 8], "texture": "#3"},
				"west": {"uv": [3.5, 4, 5, 6], "texture": "#3"},
				"up": {"uv": [7, 7.5, 6, 6], "texture": "#3"},
				"down": {"uv": [7.5, 2, 6.5, 3.5], "texture": "#3"}
			}
		},
		{
			"name": "leftFin",
			"from": [4.61732, 1.07612, 3],
			"to": [6.61732, 1.07612, 5],
			"rotation": {"angle": 22.5, "axis": "z", "origin": [8, 2, 7.25]},
			"faces": {
				"north": {"uv": [0, 0, 1, 0], "texture": "#3"},
				"east": {"uv": [0, 0, 1, 0], "texture": "#3"},
				"south": {"uv": [0, 0, 1, 0], "texture": "#3"},
				"west": {"uv": [0, 0, 1, 0], "texture": "#3"},
				"up": {"uv": [8, 1, 7, 0], "texture": "#3"},
				"down": {"uv": [8, 0, 7, 1], "texture": "#3"}
			}
		},
		{
			"name": "rightFin",
			"from": [9.38268, 1.07612, 3],
			"to": [11.38268, 1.07612, 5],
			"rotation": {"angle": -22.5, "axis": "z", "origin": [8, 2, 7.25]},
			"faces": {
				"north": {"uv": [0, 0, 1, 0], "texture": "#3"},
				"east": {"uv": [0, 0, 1, 0], "texture": "#3"},
				"south": {"uv": [0, 0, 1, 0], "texture": "#3"},
				"west": {"uv": [0, 0, 1, 0], "texture": "#3"},
				"up": {"uv": [8, 2, 7, 1], "texture": "#3"},
				"down": {"uv": [8, 1, 7, 2], "texture": "#3"}
			}
		},
		{
			"name": "tailfin",
			"from": [8, 0, 11],
			"to": [8, 4, 17],
			"rotation": {"angle": 0, "axis": "y", "origin": [8, 2, 7.25]},
			"faces": {
				"north": {"uv": [0, 0, 0, 2], "texture": "#3"},
				"east": {"uv": [3.5, 2, 6.5, 4], "texture": "#3"},
				"south": {"uv": [0, 0, 0, 2], "texture": "#3"},
				"west": {"uv": [6.5, 2, 3.5, 4], "texture": "#3"},
				"up": {"uv": [0, 0, 0, 3], "texture": "#3"},
				"down": {"uv": [0, 0, 0, 3], "texture": "#3"}
			}
		},
		{
			"from": [8, 0, 4],
			"to": [8, 4, 11],
			"rotation": {"angle": 0, "axis": "y", "origin": [6, 1, 4]},
			"faces": {
				"north": {"uv": [0, 0, 0, 2], "texture": "#3"},
				"east": {"uv": [3.5, 0, 7, 2], "texture": "#3"},
				"south": {"uv": [0, 0, 0, 2], "texture": "#3"},
				"west": {"uv": [3.5, 0, 7, 2], "texture": "#3"},
				"up": {"uv": [0, 3.5, 0, 0], "texture": "#3"},
				"down": {"uv": [0, 0, 0, 3.5], "texture": "#3"}
			}
		}
	],
	"display": {
		"thirdperson_righthand": {
			"rotation": [89, 0, 0],
			"translation": [-0.25, -2.75, 4],
			"scale": [0.7, 0.7, 0.7]
		},
		"thirdperson_lefthand": {
			"rotation": [89, 0, 0],
			"translation": [-0.25, -2.75, 4],
			"scale": [0.7, 0.7, 0.7]
		},
		"firstperson_righthand": {
			"rotation": [-5.94, 2.68, -17.48],
			"translation": [-1.5, 10.25, 2],
			"scale": [0.62, 0.62, 0.59]
		},
		"firstperson_lefthand": {
			"rotation": [171.55, -8.51, -164.94],
			"translation": [-1.75, 10, -0.25],
			"scale": [0.62, 0.62, 0.59]
		}
	},
	"groups": [
		{
			"name": "body",
			"origin": [0, 0, 0],
			"color": 0,
			"children": [
				0,
				1,
				2,
				{
					"name": "head",
					"origin": [0, 2, 0],
					"color": 0,
					"children": [3, 4]
				},
				{
					"name": "leftFin",
					"origin": [-1, 1, 0],
					"rotation": [0, 0, 35],
					"color": 0,
					"children": [5]
				},
				{
					"name": "rightFin",
					"origin": [1, 1, 0],
					"rotation": [0, 0, -35],
					"color": 0,
					"children": [6]
				},
				{
					"name": "tailfin",
					"origin": [0, 0, 8],
					"color": 0,
					"children": [7]
				},
				{
					"name": "waist",
					"origin": [0, 0, 0],
					"color": 0,
					"children": []
				},
				8
			]
		}
	]
}