{
	"credit": "Made with Blockbench",
	"textures": {
		"1": "item/cooked_cod_hand",
		"particle": "item/cooked_cod_hand"
	},
	"elements": [
		{
			"name": "body",
			"from": [7, 0, 4],
			"to": [9, 4, 11],
			"rotation": {"angle": 0, "axis": "y", "origin": [7, 2, 7.25]},
			"faces": {
				"north": {"uv": [3.5, 3.5, 4.5, 5.5], "texture": "#1"},
				"east": {"uv": [8, 3.5, 4.5, 5.5], "texture": "#1"},
				"south": {"uv": [8, 3.5, 9, 5.5], "texture": "#1"},
				"west": {"uv": [4.5, 3.5, 8, 5.5], "texture": "#1"},
				"up": {"uv": [4.5, 3.5, 3.5, 0], "texture": "#1"},
				"down": {"uv": [5.5, 0, 4.5, 3.5], "texture": "#1"}
			}
		},
		{
			"name": "head",
			"from": [6.9992, 1.0008, 0],
			"to": [8.9992, 4.0008, 1],
			"rotation": {"angle": 0, "axis": "y", "origin": [8, 2, 7.25]},
			"faces": {
				"north": {"uv": [0.5, 0.5, 1.5, 2], "texture": "#1"},
				"east": {"uv": [0, 0.5, 0.5, 2], "texture": "#1"},
				"south": {"uv": [2, 0.5, 3, 2], "texture": "#1"},
				"west": {"uv": [1.5, 0.5, 2, 2], "texture": "#1"},
				"up": {"uv": [1.5, 0.5, 0.5, 0], "texture": "#1"},
				"down": {"uv": [2.5, 0, 1.5, 0.5], "texture": "#1"}
			}
		},
		{
			"name": "head",
			"from": [7, 0, 1],
			"to": [9, 4, 4],
			"rotation": {"angle": 0, "axis": "y", "origin": [8, 2, 7.25]},
			"faces": {
				"north": {"uv": [7, 1.5, 8, 3.5], "texture": "#1"},
				"east": {"uv": [5.5, 1.5, 7, 3.5], "texture": "#1"},
				"south": {"uv": [9.5, 1.5, 10.5, 3.5], "texture": "#1"},
				"west": {"uv": [8, 1.5, 9.5, 3.5], "texture": "#1"},
				"up": {"uv": [8, 1.5, 7, 0], "texture": "#1"},
				"down": {"uv": [9, 0, 8, 1.5], "texture": "#1"}
			}
		},
		{
			"name": "tailfin",
			"from": [8, 0, 11],
			"to": [8, 4, 17],
			"rotation": {"angle": 0, "axis": "y", "origin": [8, 2, 7.25]},
			"faces": {
				"north": {"uv": [13, 3.5, 13, 5.5], "texture": "#1"},
				"east": {"uv": [13, 3.5, 16, 5.5], "rotation": 180, "texture": "#1"},
				"south": {"uv": [16, 3.5, 16, 5.5], "texture": "#1"},
				"west": {"uv": [13, 3.5, 16, 5.5], "texture": "#1"},
				"up": {"uv": [13, 3.5, 13, 0.5], "texture": "#1"},
				"down": {"uv": [13, 0.5, 13, 3.5], "texture": "#1"}
			}
		}
	],
	"display": {
		"thirdperson_righthand": {
			"rotation": [89, 0, 0],
			"translation": [-0.25, -2.75, 4],
			"scale": [0.7, 0.7, 0.7]
		},
		"thirdperson_lefthand": {
			"rotation": [89, 0, 0],
			"translation": [-0.25, -2.75, 4],
			"scale": [0.7, 0.7, 0.7]
		},
		"firstperson_righthand": {
			"rotation": [57, 14, -18],
			"translation": [2.25, 3.5, 6.5],
			"scale": [0.62, 0.62, 0.59]
		},
		"firstperson_lefthand": {
			"rotation": [57, 14, -18],
			"translation": [2.25, 3.5, 6.5],
			"scale": [0.62, 0.62, 0.59]
		}
	},
	"groups": [
		{
			"name": "body",
			"origin": [0, 0, 0],
			"color": 0,
			"children": [
				0,
				{
					"name": "head",
					"origin": [0, 2, 0],
					"color": 0,
					"children": [1, 2]
				},
				{
					"name": "leftFin",
					"origin": [-1, 1, 0],
					"rotation": [0, 0, 35],
					"color": 0,
					"children": []
				},
				{
					"name": "rightFin",
					"origin": [1, 1, 0],
					"rotation": [0, 0, -35],
					"color": 0,
					"children": []
				},
				{
					"name": "tailfin",
					"origin": [0, 0, 8],
					"color": 0,
					"children": [3]
				},
				{
					"name": "waist",
					"origin": [0, 0, 0],
					"color": 0,
					"children": []
				}
			]
		}
	]
}