{
	"credit": "Made with Blockbench",
	"texture_size": [32, 32],
	"textures": {
		"1": "item/pufferfish_hand"
	},
	"elements": [
		{
			"name": "body",
			"from": [4.0016, 1, 4.0016],
			"to": [12.0016, 9, 12.0016],
			"rotation": {"angle": 0, "axis": "y", "origin": [8, 5, 8.0016]},
			"faces": {
				"north": {"uv": [4, 4, 8, 8], "texture": "#1"},
				"east": {"uv": [0, 0, 4, 4], "texture": "#1"},
				"south": {"uv": [0, 4, 4, 8], "texture": "#1"},
				"west": {"uv": [4, 0, 8, 4], "texture": "#1"},
				"up": {"uv": [4, 12, 0, 8], "rotation": 90, "texture": "#1"},
				"down": {"uv": [12, 0, 8, 4], "rotation": 270, "texture": "#1"}
			}
		},
		{
			"name": "leftFin",
			"from": [2.0016, 8, 5.0112],
			"to": [4.0016, 8, 7.0112],
			"rotation": {"angle": 0, "axis": "y", "origin": [8, 5, 8.0016]},
			"faces": {
				"north": {"uv": [0, 0, 1, 0], "texture": "#1"},
				"east": {"uv": [0, 0, 1, 0], "texture": "#1"},
				"south": {"uv": [0, 0, 1, 0], "texture": "#1"},
				"west": {"uv": [0, 0, 1, 0], "texture": "#1"},
				"up": {"uv": [7.5, 10, 6.5, 9], "rotation": 90, "texture": "#1"},
				"down": {"uv": [8.5, 9, 7.5, 10], "rotation": 270, "texture": "#1"}
			}
		},
		{
			"name": "rightFin",
			"from": [11.9984, 8, 5.0096],
			"to": [13.9984, 8, 7.0096],
			"rotation": {"angle": 0, "axis": "y", "origin": [8, 5, 8.0016]},
			"faces": {
				"north": {"uv": [0, 0, 1, 0], "texture": "#1"},
				"east": {"uv": [0, 0, 1, 0], "texture": "#1"},
				"south": {"uv": [0, 0, 1, 0], "texture": "#1"},
				"west": {"uv": [0, 0, 1, 0], "texture": "#1"},
				"up": {"uv": [9.5, 10, 8.5, 9], "rotation": 90, "texture": "#1"},
				"down": {"uv": [10.5, 5, 9.5, 6], "rotation": 270, "texture": "#1"}
			}
		},
		{
			"name": "spines_top_front",
			"from": [4.0016, 10.58112, 8.0016],
			"to": [12.0016, 11.58112, 8.0016],
			"rotation": {"angle": -45, "axis": "x", "origin": [8, 5, 8.0016]},
			"faces": {
				"north": {"uv": [8.5, 4.5, 12.5, 5], "texture": "#1"},
				"east": {"uv": [0, 0, 0, 0.5], "texture": "#1"},
				"south": {"uv": [4.5, 8.5, 8.5, 9], "texture": "#1"},
				"west": {"uv": [0, 0, 0, 0.5], "texture": "#1"},
				"up": {"uv": [0, 4, 0, 0], "rotation": 90, "texture": "#1"},
				"down": {"uv": [0, 0, 0, 4], "rotation": 270, "texture": "#1"}
			}
		},
		{
			"name": "spines_top_mid",
			"from": [4.0016, 9, 8.0016],
			"to": [12.0016, 10, 8.0016],
			"rotation": {"angle": 0, "axis": "y", "origin": [8, 5, 8.0016]},
			"faces": {
				"north": {"uv": [8.5, 4.5, 12.5, 5], "texture": "#1"},
				"east": {"uv": [0, 0, 0, 0.5], "texture": "#1"},
				"south": {"uv": [4.5, 8.5, 8.5, 9], "texture": "#1"},
				"west": {"uv": [0, 0, 0, 0.5], "texture": "#1"},
				"up": {"uv": [0, 4, 0, 0], "rotation": 90, "texture": "#1"},
				"down": {"uv": [0, 0, 0, 4], "rotation": 270, "texture": "#1"}
			}
		},
		{
			"name": "spines_top_back",
			"from": [4.0016, 10.58695, 7.97425],
			"to": [12.0016, 11.58695, 7.97425],
			"rotation": {"angle": 45, "axis": "x", "origin": [8, 5, 8.0016]},
			"faces": {
				"north": {"uv": [8.5, 4.5, 12.5, 5], "texture": "#1"},
				"east": {"uv": [0, 0, 0, 0.5], "texture": "#1"},
				"south": {"uv": [4.5, 8.5, 8.5, 9], "texture": "#1"},
				"west": {"uv": [0, 0, 0, 0.5], "texture": "#1"},
				"up": {"uv": [0, 4, 0, 0], "rotation": 90, "texture": "#1"},
				"down": {"uv": [0, 0, 0, 4], "rotation": 270, "texture": "#1"}
			}
		},
		{
			"name": "spines_bottom_front",
			"from": [4.0016, -1.65685, 8.0016],
			"to": [12.0016, -0.65685, 8.0016],
			"rotation": {"angle": 45, "axis": "x", "origin": [8, 5, 8.0016]},
			"faces": {
				"north": {"uv": [8, 4, 12, 4.5], "texture": "#1"},
				"east": {"uv": [9.5, 6, 10, 6.5], "texture": "#1"},
				"south": {"uv": [12, 4, 8, 4.5], "texture": "#1"},
				"west": {"uv": [9.5, 6.5, 10, 7], "texture": "#1"},
				"up": {"uv": [8.5, 8.5, 8, 4.5], "rotation": 90, "texture": "#1"},
				"down": {"uv": [4.5, 8.5, 4, 12.5], "rotation": 270, "texture": "#1"}
			}
		},
		{
			"name": "spines_bottom_mid",
			"from": [4.0016, 0, 8.0016],
			"to": [12.0016, 1, 8.0016],
			"rotation": {"angle": 0, "axis": "y", "origin": [8, 5, 8.0016]},
			"faces": {
				"north": {"uv": [8, 4, 12, 4.5], "texture": "#1"},
				"east": {"uv": [9.5, 6, 10, 6.5], "texture": "#1"},
				"south": {"uv": [12, 4, 8, 4.5], "texture": "#1"},
				"west": {"uv": [9.5, 6.5, 10, 7], "texture": "#1"},
				"up": {"uv": [8.5, 8.5, 8, 4.5], "rotation": 90, "texture": "#1"},
				"down": {"uv": [4.5, 8.5, 4, 12.5], "rotation": 270, "texture": "#1"}
			}
		},
		{
			"name": "spines_bottom_back",
			"from": [4.0016, -1.65685, 8.0016],
			"to": [12.0016, -0.65685, 8.0016],
			"rotation": {"angle": -45, "axis": "x", "origin": [8, 5, 8.0016]},
			"faces": {
				"north": {"uv": [8, 4, 12, 4.5], "texture": "#1"},
				"east": {"uv": [9.5, 6, 10, 6.5], "texture": "#1"},
				"south": {"uv": [12, 4, 8, 4.5], "texture": "#1"},
				"west": {"uv": [9.5, 6.5, 10, 7], "texture": "#1"},
				"up": {"uv": [8.5, 8.5, 8, 4.5], "rotation": 90, "texture": "#1"},
				"down": {"uv": [4.5, 8.5, 4, 12.5], "rotation": 270, "texture": "#1"}
			}
		},
		{
			"name": "spines_left_front",
			"from": [1.42001, 1, 8.00047],
			"to": [2.42001, 9, 8.00047],
			"rotation": {"angle": -45, "axis": "y", "origin": [8, 5, 8.0016]},
			"faces": {
				"north": {"uv": [4.5, 9, 5, 13], "texture": "#1"},
				"east": {"uv": [0, 0, 0, 4], "texture": "#1"},
				"south": {"uv": [8.5, 5, 9, 9], "texture": "#1"},
				"west": {"uv": [0, 0, 0, 4], "texture": "#1"},
				"up": {"uv": [0, 0.5, 0, 0], "rotation": 90, "texture": "#1"},
				"down": {"uv": [0, 0, 0, 0.5], "rotation": 270, "texture": "#1"}
			}
		},
		{
			"name": "spines_left_mid",
			"from": [3.0016, 1, 8.0016],
			"to": [4.0016, 9, 8.0016],
			"rotation": {"angle": 0, "axis": "y", "origin": [8, 5, 8.0016]},
			"faces": {
				"north": {"uv": [9, 5, 9.5, 9], "texture": "#1"},
				"east": {"uv": [0, 0, 0, 4], "texture": "#1"},
				"south": {"uv": [5, 9, 5.5, 13], "texture": "#1"},
				"west": {"uv": [0, 0, 0, 4], "texture": "#1"},
				"up": {"uv": [0, 0.5, 0, 0], "rotation": 90, "texture": "#1"},
				"down": {"uv": [0, 0, 0, 0.5], "rotation": 270, "texture": "#1"}
			}
		},
		{
			"name": "spines_left_back",
			"from": [1.42001, 1, 8.00273],
			"to": [2.42001, 9, 8.00273],
			"rotation": {"angle": 45, "axis": "y", "origin": [8, 5, 8.0016]},
			"faces": {
				"north": {"uv": [6, 9, 6.5, 13], "texture": "#1"},
				"east": {"uv": [0, 0, 0, 4], "texture": "#1"},
				"south": {"uv": [5.5, 9, 6, 13], "texture": "#1"},
				"west": {"uv": [0, 0, 0, 4], "texture": "#1"},
				"up": {"uv": [0, 0.5, 0, 0], "rotation": 90, "texture": "#1"},
				"down": {"uv": [0, 0, 0, 0.5], "rotation": 270, "texture": "#1"}
			}
		},
		{
			"name": "spines_right_front",
			"from": [13.58225, 1, 8.00273],
			"to": [14.58225, 9, 8.00273],
			"rotation": {"angle": 45, "axis": "y", "origin": [8, 5, 8.0016]},
			"faces": {
				"north": {"uv": [5, 9, 5.5, 13], "texture": "#1"},
				"east": {"uv": [0, 0, 0, 4], "texture": "#1"},
				"south": {"uv": [9, 5, 9.5, 9], "texture": "#1"},
				"west": {"uv": [0, 0, 0, 4], "texture": "#1"},
				"up": {"uv": [0, 0.5, 0, 0], "rotation": 90, "texture": "#1"},
				"down": {"uv": [0, 0, 0, 0.5], "rotation": 270, "texture": "#1"}
			}
		},
		{
			"name": "spines_right_mid",
			"from": [12.0016, 1, 8.0016],
			"to": [13.0016, 9, 8.0016],
			"rotation": {"angle": 0, "axis": "y", "origin": [8, 5, 8.0016]},
			"faces": {
				"north": {"uv": [5.5, 9, 6, 13], "texture": "#1"},
				"east": {"uv": [0, 0, 0, 4], "texture": "#1"},
				"south": {"uv": [6, 9, 6.5, 13], "texture": "#1"},
				"west": {"uv": [0, 0, 0, 4], "texture": "#1"},
				"up": {"uv": [0, 0.5, 0, 0], "rotation": 90, "texture": "#1"},
				"down": {"uv": [0, 0, 0, 0.5], "rotation": 270, "texture": "#1"}
			}
		},
		{
			"name": "spines_right_back",
			"from": [13.58225, 1, 8.00047],
			"to": [14.58225, 9, 8.00047],
			"rotation": {"angle": -45, "axis": "y", "origin": [8, 5, 8.0016]},
			"faces": {
				"north": {"uv": [5.5, 9, 6, 13], "texture": "#1"},
				"east": {"uv": [0, 0, 0, 4], "texture": "#1"},
				"south": {"uv": [6, 9, 6.5, 13], "texture": "#1"},
				"west": {"uv": [0, 0, 0, 4], "texture": "#1"},
				"up": {"uv": [0, 0.5, 0, 0], "rotation": 90, "texture": "#1"},
				"down": {"uv": [0, 0, 0, 0.5], "rotation": 270, "texture": "#1"}
			}
		}
	],
	"display": {
		"thirdperson_righthand": {
			"rotation": [68, 0, 0],
			"translation": [-0.05, 0.75, 0],
			"scale": [0.47, 0.5, 0.47]
		},
		"thirdperson_lefthand": {
			"rotation": [68, 0, 0],
			"translation": [-0.05, 0.75, 0],
			"scale": [0.47, 0.5, 0.47]
		},
		"firstperson_righthand": {
			"rotation": [-4, 118, -9],
			"translation": [1.5, 4.25, -0.25],
			"scale": [0.58, 0.58, 0.58]
		},
		"firstperson_lefthand": {
			"rotation": [-4, 118, -9],
			"translation": [1.5, 4.25, -0.25],
			"scale": [0.58, 0.58, 0.58]
		}
	},
	"groups": [
		{
			"name": "body_large",
			"origin": [0, 0, 0],
			"color": 0,
			"children": [
				0,
				{
					"name": "leftFin",
					"origin": [-4, 7, 3],
					"color": 0,
					"children": [1]
				},
				{
					"name": "rightFin",
					"origin": [4, 7, 1],
					"color": 0,
					"children": [2]
				},
				{
					"name": "spines_top_front",
					"origin": [4, 8, -4],
					"rotation": [-45, 0, 0],
					"color": 0,
					"children": [3]
				},
				{
					"name": "spines_top_mid",
					"origin": [0, 8, 0],
					"color": 0,
					"children": [4]
				},
				{
					"name": "spines_top_back",
					"origin": [0, 8, 4],
					"rotation": [45, 0, 0],
					"color": 0,
					"children": [5]
				},
				{
					"name": "spines_bottom_front",
					"origin": [0, 0, -4],
					"rotation": [45, 0, 0],
					"color": 0,
					"children": [6]
				},
				{
					"name": "spines_bottom_mid",
					"origin": [0, -1, 0],
					"color": 0,
					"children": [7]
				},
				{
					"name": "spines_bottom_back",
					"origin": [0, 0, 4],
					"rotation": [-45, 0, 0],
					"color": 0,
					"children": [8]
				},
				{
					"name": "spines_left_front",
					"origin": [-4, 0, -4],
					"rotation": [0, -45, 0],
					"color": 0,
					"children": [9]
				},
				{
					"name": "spines_left_mid",
					"origin": [-4, 0, 0],
					"color": 0,
					"children": [10]
				},
				{
					"name": "spines_left_back",
					"origin": [-4, 0, 4],
					"rotation": [0, 45, 0],
					"color": 0,
					"children": [11]
				},
				{
					"name": "spines_right_front",
					"origin": [4, 0, -4],
					"rotation": [0, 45, 0],
					"color": 0,
					"children": [12]
				},
				{
					"name": "spines_right_mid",
					"origin": [4, 0, 0],
					"color": 0,
					"children": [13]
				},
				{
					"name": "spines_right_back",
					"origin": [4, 0, 4],
					"rotation": [0, -45, 0],
					"color": 0,
					"children": [14]
				}
			]
		}
	]
}