{
	"credit": "Made with Blockbench",
	"textures": {
		"2": "item/tropical_fish_hand"
	},
	"elements": [
		{
			"name": "body",
			"from": [7, 0, 2.5],
			"to": [9, 3, 3.5],
			"rotation": {"angle": 0, "axis": "y", "origin": [8, 3, 8]},
			"faces": {
				"north": {"uv": [4, 7, 6, 10], "texture": "#2"},
				"east": {"uv": [5, 4, 6, 7], "texture": "#2"},
				"south": {"uv": [12, 5, 14, 8], "texture": "#2"},
				"west": {"uv": [6, 4, 5, 7], "texture": "#2"},
				"up": {"uv": [8, 6, 6, 5], "texture": "#2"},
				"down": {"uv": [8, 11, 6, 12], "texture": "#2"}
			}
		},
		{
			"name": "body",
			"from": [7, 0, 7.5],
			"to": [9, 3, 8.5],
			"rotation": {"angle": 0, "axis": "y", "origin": [8, 3, 8]},
			"faces": {
				"north": {"uv": [12, 5, 14, 8], "texture": "#2"},
				"east": {"uv": [0, 4, 1, 7], "texture": "#2"},
				"south": {"uv": [8, 0, 10, 3], "texture": "#2"},
				"west": {"uv": [1, 4, 0, 7], "texture": "#2"},
				"up": {"uv": [8, 1, 6, 0], "texture": "#2"},
				"down": {"uv": [8, 6, 6, 7], "texture": "#2"}
			}
		},
		{
			"name": "tailfin",
			"from": [8, 0, 8.5],
			"to": [8, 3, 12.5],
			"rotation": {"angle": 0, "axis": "y", "origin": [8, 3, 8]},
			"faces": {
				"north": {"uv": [0, 0, 0, 3], "texture": "#2"},
				"east": {"uv": [0, 7, 4, 10], "texture": "#2"},
				"south": {"uv": [0, 0, 0, 3], "texture": "#2"},
				"west": {"uv": [4, 7, 0, 10], "texture": "#2"},
				"up": {"uv": [0, 4, 0, 0], "texture": "#2"},
				"down": {"uv": [0, 0, 0, 4], "texture": "#2"}
			}
		},
		{
			"from": [8, 0, 3.5],
			"to": [8, 3, 7.5],
			"rotation": {"angle": 0, "axis": "y", "origin": [6, 0, 3.5]},
			"faces": {
				"north": {"uv": [0, 0, 0, 3], "texture": "#2"},
				"east": {"uv": [10, 8, 14, 11], "texture": "#2"},
				"south": {"uv": [0, 0, 0, 3], "texture": "#2"},
				"west": {"uv": [14, 8, 10, 11], "texture": "#2"},
				"up": {"uv": [0, 0, 0, 4], "texture": "#2"},
				"down": {"uv": [0, 0, 0, 4], "texture": "#2"}
			}
		}
	],
	"display": {
		"thirdperson_righthand": {
			"rotation": [89, 0, 0],
			"translation": [0, -3.75, 6.5],
			"scale": [1.02, 1.02, 1.02]
		},
		"thirdperson_lefthand": {
			"rotation": [89, 0, 0],
			"translation": [0, -3.75, 6.5],
			"scale": [1.02, 1.02, 1.02]
		},
		"firstperson_righthand": {
			"rotation": [-5.94, 2.68, -17.48],
			"translation": [-1.25, 11, 2],
			"scale": [0.62, 0.62, 0.59]
		},
		"firstperson_lefthand": {
			"rotation": [171.55, -8.51, -164.94],
			"translation": [-1.75, 10.75, -0.75],
			"scale": [0.62, 0.62, 0.59]
		}
	}
}