{
	"credit": "Made with Blockbench",
	"texture_size": [32, 32],
	"textures": {
		"1": "item/rotten_flesh_hand",
		"particle": "item/rotten_flesh_hand"
	},
	"elements": [
		{
			"from": [4.94776, 0.425, 6.5],
			"to": [7.94552, 6.425, 9.5],
			"rotation": {"angle": 0, "axis": "z", "origin": [6.94776, 0.425, 7.5]},
			"faces": {
				"north": {"uv": [1.49888, 1.5, 0, 4.5], "texture": "#1"},
				"east": {"uv": [7, 6, 5.5, 9], "texture": "#1"},
				"south": {"uv": [6, 1.5, 4.50112, 4.5], "texture": "#1"},
				"west": {"uv": [5.5, 6, 4, 9], "texture": "#1"},
				"up": {"uv": [4, 2, 5.49888, 0.5], "rotation": 270, "texture": "#1"},
				"down": {"uv": [6, 1.5, 7.49888, 3], "texture": "#1"}
			}
		},
		{
			"from": [7.94552, 0.425, 6.5],
			"to": [10.94776, 4.425, 9.5],
			"rotation": {"angle": 0, "axis": "z", "origin": [6.94776, 0.425, 7.5]},
			"faces": {
				"north": {"uv": [3, 2.5, 1.49888, 4.5], "texture": "#1"},
				"east": {"uv": [7, 7, 5.5, 9], "texture": "#1"},
				"south": {"uv": [4.50112, 2.5, 3, 4.5], "texture": "#1"},
				"west": {"uv": [5.5, 7, 4, 9], "texture": "#1"},
				"up": {"uv": [7.49888, 1.5, 9, 0], "texture": "#1"},
				"down": {"uv": [7.49888, 1.5, 9, 3], "texture": "#1"}
			}
		},
		{
			"from": [7.94552, 4.425, 6.5],
			"to": [10.94776, 6.425, 9.5],
			"rotation": {"angle": 0, "axis": "z", "origin": [6.94776, 0.425, 7.5]},
			"faces": {
				"north": {"uv": [3, 1.5, 1.49888, 2.5], "texture": "#1"},
				"east": {"uv": [7, 6, 5.5, 7], "texture": "#1"},
				"south": {"uv": [4.50112, 1.5, 3, 2.5], "texture": "#1"},
				"west": {"uv": [5.5, 6, 4, 7], "texture": "#1"},
				"up": {"uv": [7.49888, 1.5, 9, 0], "texture": "#1"},
				"down": {"uv": [7.49888, 1.5, 9, 3], "texture": "#1"}
			}
		},
		{
			"from": [7.94552, 6.425, 6.5],
			"to": [10.94776, 9.425, 9.5],
			"rotation": {"angle": 0, "axis": "z", "origin": [6.94776, 0.425, 7.5]},
			"faces": {
				"north": {"uv": [3, 0, 1.49888, 1.5], "texture": "#1"},
				"east": {"uv": [7, 4.5, 5.5, 6], "texture": "#1"},
				"south": {"uv": [4.50112, 0, 3, 1.5], "texture": "#1"},
				"west": {"uv": [0, 1.5, 1.5, 0], "texture": "#1"},
				"up": {"uv": [7.49888, 1.5, 9, 0], "texture": "#1"},
				"down": {"uv": [7.49888, 1.5, 9, 3], "texture": "#1"}
			}
		},
		{
			"from": [7.94776, 1, 8],
			"to": [11.94776, 3.775, 8],
			"rotation": {"angle": -22.5, "axis": "z", "origin": [11.94776, 1, 6]},
			"faces": {
				"north": {"uv": [4, 6.6125, 2, 8], "texture": "#1"},
				"east": {"uv": [0, 2.1125, 0, 3.5], "texture": "#1"},
				"south": {"uv": [2, 6.6125, 4, 8], "texture": "#1"},
				"west": {"uv": [0, 2.1125, 0, 3.5], "texture": "#1"},
				"up": {"uv": [0, 0, 2, 0], "texture": "#1"},
				"down": {"uv": [0, 0, 2, 0], "texture": "#1"}
			}
		},
		{
			"from": [7.94776, 3.775, 8],
			"to": [11.94776, 8, 8],
			"rotation": {"angle": -22.5, "axis": "z", "origin": [11.94776, 1, 6]},
			"faces": {
				"north": {"uv": [4, 4.5, 2, 6.6125], "texture": "#1"},
				"east": {"uv": [0, 0, 0, 2.1125], "texture": "#1"},
				"south": {"uv": [2, 4.5, 4, 6.6125], "texture": "#1"},
				"west": {"uv": [0, 0, 0, 2.1125], "texture": "#1"},
				"up": {"uv": [0, 0, 2, 0], "texture": "#1"},
				"down": {"uv": [0, 0, 2, 0], "texture": "#1"}
			}
		}
	],
	"display": {
		"thirdperson_righthand": {
			"translation": [-1.75, 2, 1],
			"scale": [0.53, 0.53, 0.42]
		},
		"thirdperson_lefthand": {
			"translation": [-1.75, 2, 1],
			"scale": [0.53, 0.53, 0.42]
		},
		"firstperson_righthand": {
			"rotation": [-72.73, -74.73, -65.46],
			"translation": [-0.25, 6, 1.25],
			"scale": [0.64, 0.72, 0.64]
		},
		"firstperson_lefthand": {
			"rotation": [-72.73, -74.73, -65.46],
			"translation": [-0.25, 6, 1.25],
			"scale": [0.64, 0.72, 0.64]
		}
	}
}