{
	"credit": "Made with Blockbench",
	"textures": {
		"2": "item/breeze_rod_hand"
	},
	"elements": [
		{
			"name": "handle",
			"from": [7.2, 0, 7.2],
			"to": [8.8, 11, 8.8],
			"light_emission": 7,
			"rotation": {"angle": 0, "axis": "y", "origin": [8, 0, 8]},
			"faces": {
				"north": {"uv": [0, 0, 2, 11], "texture": "#2"},
				"east": {"uv": [2, 0, 4, 11], "texture": "#2"},
				"south": {"uv": [4, 0, 6, 11], "texture": "#2"},
				"west": {"uv": [6, 0, 8, 11], "texture": "#2"},
				"up": {"uv": [10, 2, 8, 0], "texture": "#2"},
				"down": {"uv": [10, 2, 8, 4], "texture": "#2"}
			}
		},
		{
			"name": "handle_outline",
			"from": [9, 11.2, 9],
			"to": [7, -0.2, 7],
			"light_emission": 15,
			"rotation": {"angle": 0, "axis": "y", "origin": [8, 0, 8]},
			"faces": {
				"north": {"uv": [10, 6, 12, 9], "rotation": 180, "texture": "#2"},
				"east": {"uv": [10, 6, 12, 9], "rotation": 180, "texture": "#2"},
				"south": {"uv": [10, 6, 12, 9], "rotation": 180, "texture": "#2"},
				"west": {"uv": [10, 6, 12, 9], "rotation": 180, "texture": "#2"},
				"up": {"uv": [12, 7, 10, 9], "rotation": 180, "texture": "#2"},
				"down": {"uv": [12, 7, 10, 5], "rotation": 180, "texture": "#2"}
			}
		}
	],
	"display": {
		"thirdperson_righthand": {
			"translation": [0, 3, 1],
			"scale": [0.62, 0.62, 0.62]
		},
		"thirdperson_lefthand": {
			"translation": [0, 3, 1],
			"scale": [0.62, 0.62, 0.62]
		},
		"firstperson_righthand": {
			"rotation": [-180, 87.5, -180],
			"translation": [1, 5.5, 1.75],
			"scale": [0.62, 0.62, 0.62]
		},
		"firstperson_lefthand": {
			"rotation": [-180, 87.5, -180],
			"translation": [1, 5.5, 1.75],
			"scale": [0.62, 0.62, 0.62]
		},
		"ground": {
			"rotation": [0, 90, 0],
			"translation": [0, 2.5, 0],
			"scale": [0.5, 0.5, 0.5]
		},
		"gui": {
			"rotation": [0, 0, -45],
			"translation": [-2, -2.75, 0],
			"scale": [0.85, 0.85, 0.85]
		},
		"head": {
			"rotation": [0, 90, 0],
			"translation": [0.5, 14.5, 0]
		},
		"fixed": {
			"translation": [0.5, -2, 0],
			"scale": [0.75, 0.75, 0.75]
		}
	}
}