{
	"credit": "Made with Blockbench",
	"texture_size": [32, 32],
	"textures": {
		"1": "item/crossbow_pull_0"
	},
	"elements": [
		{
			"from": [6.5, 1, 1],
			"to": [9.5, 3, 13],
			"rotation": {"angle": 0, "axis": "y", "origin": [6.5, 0, 3]},
			"faces": {
				"north": {"uv": [12, 12, 13.5, 13], "texture": "#1"},
				"east": {"uv": [0, 12, 6, 13], "texture": "#1"},
				"south": {"uv": [0, 13, 1.5, 14], "texture": "#1"},
				"west": {"uv": [6, 12, 12, 13], "texture": "#1"},
				"up": {"uv": [13, 6, 11.5, 0], "texture": "#1"},
				"down": {"uv": [13, 6, 11.5, 12], "texture": "#1"}
			}
		},
		{
			"from": [-3.5, 3.001, -1],
			"to": [19.5, 3.002, 11],
			"rotation": {"angle": 0, "axis": "y", "origin": [2.5, 1, 2]},
			"faces": {
				"north": {"uv": [0, 0, 11.5, 0], "texture": "#1"},
				"east": {"uv": [0, 0, 6, 0], "texture": "#1"},
				"south": {"uv": [0, 0, 11.5, 0], "texture": "#1"},
				"west": {"uv": [0, 0, 6, 0], "texture": "#1"},
				"up": {"uv": [11.5, 6, 0, 0], "texture": "#1"},
				"down": {"uv": [11.5, 0, 0, 6], "texture": "#1"}
			}
		},
		{
			"from": [8, 0.2, 5],
			"to": [8, 1.2, 8],
			"rotation": {"angle": 0, "axis": "y", "origin": [6, 0.2, 5]},
			"faces": {
				"north": {"uv": [0, 0, 0, 0.5], "texture": "#1"},
				"east": {"uv": [13, 0, 14.5, 0.5], "texture": "#1"},
				"south": {"uv": [0, 0, 0, 0.5], "texture": "#1"},
				"west": {"uv": [13, 0.5, 14.5, 1], "texture": "#1"},
				"up": {"uv": [0, 1.5, 0, 0], "texture": "#1"},
				"down": {"uv": [0, 0, 0, 1.5], "texture": "#1"}
			}
		}
	],
	"display": {
		"thirdperson_righthand": {
			"translation": [0, 4.75, 0.25],
			"scale": [0.81, 0.81, 0.81]
		},
		"thirdperson_lefthand": {
			"translation": [0, 4.75, 0.25],
			"scale": [0.81, 0.81, 0.81]
		},
		"firstperson_righthand": {
			"rotation": [6, -6, 6],
			"translation": [1, 7.75, 2.25],
			"scale": [1, 1, 0.93]
		},
		"firstperson_lefthand": {
			"rotation": [6, -6, 6],
			"translation": [1, 7.75, 2.25],
			"scale": [1, 1, 0.93]
		}
	}
}