{
	"credit": "Made with Blockbench",
	"textures": {
		"0": "item/diamond_pickaxe_hand",
		"particle": "item/diamond_pickaxe_hand"
	},
	"elements": [
		{
			"name": "handle",
			"from": [7.5, -1, 7.5],
			"to": [8.5, 16, 8.5],
			"rotation": {"angle": 0, "axis": "y", "origin": [7.5, -1, 7.5]},
			"faces": {
				"north": {"uv": [0, 4, 0.5, 12.5], "texture": "#0"},
				"east": {"uv": [0.5, 4, 1, 12.5], "texture": "#0"},
				"south": {"uv": [1, 4, 1.5, 12.5], "texture": "#0"},
				"west": {"uv": [1.5, 4, 2, 12.5], "texture": "#0"},
				"up": {"uv": [2.5, 4.5, 2, 4], "texture": "#0"},
				"down": {"uv": [3, 4, 2.5, 4.5], "texture": "#0"}
			}
		},
		{
			"name": "pick base",
			"from": [8, 11, 0.5],
			"to": [8.001, 15, 15.5],
			"rotation": {"angle": 0, "axis": "y", "origin": [8, 13, 4.5]},
			"faces": {
				"north": {"uv": [10.5, 1, 10.5, 3], "texture": "#0"},
				"east": {"uv": [0, 0, 7.5, 2], "texture": "#0"},
				"south": {"uv": [10.5, 1, 10.5, 3], "texture": "#0"},
				"west": {"uv": [7.5, 0, 0, 2], "texture": "#0"},
				"up": {"uv": [9.5, 7.5, 9.5, 0], "texture": "#0"},
				"down": {"uv": [10, 0.5, 10, 8], "texture": "#0"}
			}
		}
	],
	"display": {
		"thirdperson_righthand": {
			"translation": [0, 3, 1],
			"scale": [1.03, 1, 1.03]
		},
		"thirdperson_lefthand": {
			"translation": [0, 3, 1],
			"scale": [1.03, 1, 1.03]
		},
		"firstperson_righthand": {
			"rotation": [13.86, -3.87, -1.26],
			"translation": [-0.25, 2.25, 1.75],
			"scale": [0.79, 0.79, 0.79]
		},
		"firstperson_lefthand": {
			"rotation": [13.86, -3.87, -1.26],
			"translation": [-0.25, 2.25, 1.75],
			"scale": [0.79, 0.79, 0.79]
		}
	}
}