{
	"credit": "Made with Blockbench",
	"texture_size": [32, 32],
	"textures": {
		"1": "item/diamond_hand"
	},
	"elements": [
		{
			"from": [5, 2, 6],
			"to": [11, 11, 10],
			"light_emission": 15,
			"rotation": {"angle": 0, "axis": "y", "origin": [5, 2, 6]},
			"faces": {
				"north": {"uv": [3, 0, 0, 4.5], "texture": "#1"},
				"east": {"uv": [8, 3, 10, 7.5], "texture": "#1"},
				"south": {"uv": [0, 0, 3, 4.5], "texture": "#1"},
				"west": {"uv": [10, 3, 12, 7.5], "texture": "#1"},
				"up": {"uv": [3, 6.5, 0, 4.5], "texture": "#1"},
				"down": {"uv": [6, 4.5, 3, 6.5], "texture": "#1"}
			}
		},
		{
			"from": [4, 3, 6],
			"to": [5, 9, 10],
			"light_emission": 15,
			"rotation": {"angle": 0, "axis": "y", "origin": [-1, 2, 6]},
			"faces": {
				"north": {"uv": [3.5, 1, 4, 4], "texture": "#1"},
				"east": {"uv": [5, 0, 7, 3], "texture": "#1"},
				"south": {"uv": [3.5, 1, 4, 4], "texture": "#1"},
				"west": {"uv": [7.5, 0, 9.5, 3], "texture": "#1"},
				"up": {"uv": [7.5, 6, 7, 4], "texture": "#1"},
				"down": {"uv": [2.5, 7, 2, 9], "texture": "#1"}
			}
		},
		{
			"from": [11, 3, 6],
			"to": [12, 9, 10],
			"light_emission": 15,
			"rotation": {"angle": 0, "axis": "y", "origin": [6, 2, 6]},
			"faces": {
				"north": {"uv": [0.5, 6.5, 1, 9.5], "texture": "#1"},
				"east": {"uv": [5, 0, 7, 3], "texture": "#1"},
				"south": {"uv": [0.5, 6.5, 1, 9.5], "texture": "#1"},
				"west": {"uv": [5, 0, 7, 3], "texture": "#1"},
				"up": {"uv": [7, 0, 7.5, 2], "texture": "#1"},
				"down": {"uv": [4.5, 7, 5, 9], "texture": "#1"}
			}
		},
		{
			"from": [5.78, 3.78, 4.3925],
			"to": [10.22, 8.22, 5.8355],
			"light_emission": 15,
			"rotation": {"angle": 0, "axis": "y", "origin": [4.67, 1.56, 1.0625]},
			"faces": {
				"north": {"uv": [6, 3, 8, 5], "texture": "#1"},
				"east": {"uv": [1, 6.5, 1.5, 8.5], "texture": "#1"},
				"south": {"uv": [6, 5, 8, 7], "texture": "#1"},
				"west": {"uv": [1.5, 6.5, 2, 8.5], "texture": "#1"},
				"up": {"uv": [2, 6.5, 4, 7], "texture": "#1"},
				"down": {"uv": [4, 6.5, 6, 7], "texture": "#1"}
			}
		},
		{
			"from": [5.78, 3.78, 10.1645],
			"to": [10.22, 8.22, 11.6075],
			"light_emission": 15,
			"rotation": {"angle": 0, "axis": "y", "origin": [4.67, 1.56, 7.1675]},
			"faces": {
				"north": {"uv": [6, 3, 8, 5], "texture": "#1"},
				"east": {"uv": [1, 6.5, 1.5, 8.5], "texture": "#1"},
				"south": {"uv": [8, 3, 6, 5], "texture": "#1"},
				"west": {"uv": [1.5, 6.5, 2, 8.5], "texture": "#1"},
				"up": {"uv": [2, 7, 4, 6.5], "texture": "#1"},
				"down": {"uv": [4, 6.5, 6, 7], "texture": "#1"}
			}
		},
		{
			"name": "cube_outline_outline",
			"from": [4.9, 2.8, 5.8],
			"to": [3.8, 9.2, 10.2],
			"rotation": {"angle": 0, "axis": "y", "origin": [-1, 2, 6]},
			"faces": {
				"north": {"uv": [2.5, 7, 3, 9], "rotation": 180, "texture": "#1"},
				"east": {"uv": [2.5, 7, 4.5, 9], "rotation": 180, "texture": "#1"},
				"south": {"uv": [2.5, 7, 3, 9], "rotation": 180, "texture": "#1"},
				"west": {"uv": [3, 9, 5, 11], "rotation": 180, "texture": "#1"},
				"up": {"uv": [2.5, 7, 3, 9], "rotation": 180, "texture": "#1"},
				"down": {"uv": [4, 7, 4.5, 9], "rotation": 180, "texture": "#1"}
			}
		},
		{
			"name": "cube_outline",
			"from": [11.2, 1.8, 10.2],
			"to": [4.8, 1.8, 5.8],
			"rotation": {"angle": 0, "axis": "y", "origin": [5, 2, 6]},
			"faces": {
				"north": {"uv": [2.5, 7, 4.5, 9], "rotation": 180, "texture": "#1"},
				"east": {"uv": [2.5, 7, 4.5, 9], "rotation": 180, "texture": "#1"},
				"south": {"uv": [4.5, 7, 2.5, 9], "rotation": 180, "texture": "#1"},
				"west": {"uv": [2.5, 7, 4.5, 9], "rotation": 180, "texture": "#1"},
				"up": {"uv": [4.5, 7, 2.5, 9], "rotation": 180, "texture": "#1"},
				"down": {"uv": [4.5, 11, 2.5, 9], "rotation": 180, "texture": "#1"}
			}
		},
		{
			"name": "cube_outline",
			"from": [10.442, 8.442, 5.8245],
			"to": [5.558, 3.558, 4.2705],
			"rotation": {"angle": 0, "axis": "y", "origin": [4.67, 1.56, 1.1625]},
			"faces": {
				"north": {"uv": [2.5, 7, 4.5, 9], "rotation": 180, "texture": "#1"},
				"east": {"uv": [2.5, 7, 3, 9], "rotation": 180, "texture": "#1"},
				"south": {"uv": [2.5, 7, 4.5, 9], "rotation": 180, "texture": "#1"},
				"west": {"uv": [2.5, 7, 3, 9], "rotation": 180, "texture": "#1"},
				"up": {"uv": [2.5, 8.5, 4.5, 9], "rotation": 180, "texture": "#1"},
				"down": {"uv": [2.5, 8.5, 4.5, 9], "rotation": 180, "texture": "#1"}
			}
		},
		{
			"name": "cube_outline",
			"from": [10.442, 8.442, 11.7295],
			"to": [5.558, 3.558, 10.1755],
			"rotation": {"angle": 0, "axis": "y", "origin": [4.67, 1.56, 7.0675]},
			"faces": {
				"north": {"uv": [2.5, 7, 4.5, 9], "rotation": 180, "texture": "#1"},
				"east": {"uv": [2.5, 7, 3, 9], "rotation": 180, "texture": "#1"},
				"south": {"uv": [2.5, 7, 4.5, 9], "rotation": 180, "texture": "#1"},
				"west": {"uv": [2.5, 7, 3, 9], "rotation": 180, "texture": "#1"},
				"up": {"uv": [2.5, 8.5, 4.5, 9], "rotation": 180, "texture": "#1"},
				"down": {"uv": [2.5, 8.5, 4.5, 9], "rotation": 180, "texture": "#1"}
			}
		},
		{
			"name": "cube_outline_outline",
			"from": [12.2, 2.8, 5.8],
			"to": [11.1, 9.2, 10.2],
			"rotation": {"angle": 0, "axis": "y", "origin": [6, 2, 6]},
			"faces": {
				"north": {"uv": [2.5, 7, 3, 9], "rotation": 180, "texture": "#1"},
				"east": {"uv": [3, 9, 5, 11], "rotation": 180, "texture": "#1"},
				"south": {"uv": [2.5, 7, 3, 9], "rotation": 180, "texture": "#1"},
				"west": {"uv": [2.5, 7, 4.5, 9], "rotation": 180, "texture": "#1"},
				"up": {"uv": [2.5, 7, 3, 9], "rotation": 180, "texture": "#1"},
				"down": {"uv": [4, 7, 4.5, 9], "rotation": 180, "texture": "#1"}
			}
		},
		{
			"name": "cube_outline",
			"from": [11.2, 11.2, 10.2],
			"to": [4.8, 1.8, 5.8],
			"rotation": {"angle": 0, "axis": "y", "origin": [5, 2, 6]},
			"faces": {
				"north": {"uv": [2.5, 7, 4.5, 9], "rotation": 180, "texture": "#1"},
				"east": {"uv": [5, 7, 7.5, 11.5], "rotation": 180, "texture": "#1"},
				"south": {"uv": [4.5, 7, 2.5, 9], "rotation": 180, "texture": "#1"},
				"west": {"uv": [5, 7, 7.5, 11.5], "rotation": 180, "texture": "#1"},
				"up": {"uv": [4.5, 7, 2.5, 9], "rotation": 180, "texture": "#1"},
				"down": {"uv": [4.5, 9, 2.5, 7], "rotation": 180, "texture": "#1"}
			}
		}
	],
	"display": {
		"thirdperson_righthand": {
			"translation": [-1.75, 1, 2],
			"scale": [0.47, 0.47, 0.45]
		},
		"thirdperson_lefthand": {
			"translation": [-1.75, 1, 2],
			"scale": [0.47, 0.47, 0.45]
		},
		"firstperson_righthand": {
			"rotation": [-10.85, -56.05, -5.11],
			"translation": [0.75, 4, 0],
			"scale": [0.55, 0.61, 0.55]
		},
		"firstperson_lefthand": {
			"rotation": [-10.85, -56.05, -5.11],
			"translation": [0.75, 4, 0],
			"scale": [0.55, 0.61, 0.55]
		}
	},
	"groups": [
		0,
		1,
		2,
		3,
		4,
		{
			"name": "outlines",
			"origin": [5, 2, 6],
			"color": 0,
			"children": [5, 6, 7, 8, 9, 10]
		}
	]
}