{
	"credit": "Made with Blockbench",
	"textures": {
		"1": "item/ender_pearl_shine",
		"3": "item/ender_pearl_hand",
		"particle": "item/ender_pearl_shine"
	},
	"elements": [
		{
			"name": "eye",
			"from": [4.5, 0, 4.5],
			"to": [11.5, 7, 11.5],
			"light_emission": 15,
			"rotation": {"angle": 0, "axis": "y", "origin": [10.5, 0, 3.5]},
			"faces": {
				"north": {"uv": [0, 0, 7, 7], "texture": "#3"},
				"east": {"uv": [0, 0, 7, 7], "texture": "#3"},
				"south": {"uv": [0, 0, 7, 7], "texture": "#3"},
				"west": {"uv": [0, 0, 7, 7], "texture": "#3"},
				"up": {"uv": [7, 7, 0, 0], "texture": "#3"},
				"down": {"uv": [7, 0, 0, 7], "texture": "#3"}
			}
		},
		{
			"name": "eye_outline",
			"from": [11.5, 7, 11.5],
			"to": [4.5, 0, 4.5],
			"light_emission": 15,
			"rotation": {"angle": 0, "axis": "y", "origin": [10.5, 0, 3.5]},
			"faces": {
				"north": {"uv": [0, 7, 7, 14], "texture": "#3"},
				"east": {"uv": [0, 7, 7, 14], "texture": "#3"},
				"south": {"uv": [0, 7, 7, 14], "texture": "#3"},
				"west": {"uv": [0, 7, 7, 14], "texture": "#3"},
				"up": {"uv": [7, 14, 0, 7], "texture": "#3"},
				"down": {"uv": [7, 7, 0, 14], "texture": "#3"}
			}
		},
		{
			"name": "eye",
			"from": [5.025, 0.525, 5.025],
			"to": [10.975, 6.475, 10.975],
			"light_emission": 15,
			"rotation": {"angle": 0, "axis": "y", "origin": [10.125, 0.525, 4.175]},
			"faces": {
				"north": {"uv": [0, 0, 7, 7], "texture": "#3"},
				"east": {"uv": [0, 0, 7, 7], "texture": "#3"},
				"south": {"uv": [0, 0, 7, 7], "texture": "#3"},
				"west": {"uv": [0, 0, 7, 7], "texture": "#3"},
				"up": {"uv": [7, 7, 0, 0], "texture": "#3"},
				"down": {"uv": [7, 0, 0, 7], "texture": "#3"}
			}
		},
		{
			"name": "eye_outline",
			"from": [10.975, 6.475, 10.975],
			"to": [5.025, 0.525, 5.025],
			"light_emission": 15,
			"rotation": {"angle": 0, "axis": "y", "origin": [10.125, 0.525, 4.175]},
			"faces": {
				"north": {"uv": [0, 7, 7, 14], "texture": "#3"},
				"east": {"uv": [0, 7, 7, 14], "texture": "#3"},
				"south": {"uv": [0, 7, 7, 14], "texture": "#3"},
				"west": {"uv": [0, 7, 7, 14], "texture": "#3"},
				"up": {"uv": [7, 14, 0, 7], "texture": "#3"},
				"down": {"uv": [7, 7, 0, 14], "texture": "#3"}
			}
		},
		{
			"from": [6, 1.5, 6],
			"to": [10, 5.5, 10],
			"light_emission": 15,
			"rotation": {"angle": 0, "axis": "y", "origin": [6, 2.5, 7]},
			"faces": {
				"north": {"uv": [7, 0, 11, 4], "texture": "#3"},
				"east": {"uv": [7, 0, 11, 4], "texture": "#3"},
				"south": {"uv": [7, 0, 11, 4], "texture": "#3"},
				"west": {"uv": [7, 0, 11, 4], "texture": "#3"},
				"up": {"uv": [11, 4, 7, 0], "texture": "#3"},
				"down": {"uv": [11, 0, 7, 4], "texture": "#3"}
			}
		},
		{
			"from": [5.1, 4.5, 11.525],
			"to": [7.1, 6.5, 11.525],
			"light_emission": 15,
			"rotation": {"angle": 0, "axis": "y", "origin": [5.1, 4.5, 11.525]},
			"faces": {
				"north": {"uv": [0, 2, 2, 4], "texture": "#1"},
				"east": {"uv": [0, 0, 0, 2], "texture": "#1"},
				"south": {"uv": [0, 2, 2, 4], "texture": "#1"},
				"west": {"uv": [0, 0, 0, 2], "texture": "#1"},
				"up": {"uv": [2, 0, 0, 0], "texture": "#1"},
				"down": {"uv": [2, 0, 0, 0], "texture": "#1"}
			}
		}
	],
	"display": {
		"thirdperson_righthand": {
			"rotation": [0, -90, 0],
			"translation": [0, 3.25, 1.5],
			"scale": [0.4, 0.4, 0.4]
		},
		"thirdperson_lefthand": {
			"rotation": [0, -90, 0],
			"translation": [0, 3.25, 1.5],
			"scale": [0.4, 0.4, 0.4]
		},
		"firstperson_righthand": {
			"rotation": [-7, -63, 2],
			"translation": [-0.25, 5.5, 2],
			"scale": [0.4, 0.4, 0.52]
		},
		"firstperson_lefthand": {
			"rotation": [-7, -63, 2],
			"translation": [-0.25, 5.5, 2],
			"scale": [0.4, 0.4, 0.52]
		},
		"ground": {
			"translation": [0, 4.25, 0],
			"scale": [0.56, 0.56, 0.56]
		}
	}
}