{
	"credit": "Made with Blockbench",
	"texture_size": [32, 32],
	"textures": {
		"1": "item/ender_pearl_shine",
		"2": "item/ender_eye_outer",
		"4": "item/ender_eye_hand",
		"particle": "item/ender_pearl_shine"
	},
	"elements": [
		{
			"name": "eye",
			"from": [4.5, 0, 4.5],
			"to": [11.5, 7, 11.5],
			"light_emission": 7,
			"rotation": {"angle": 0, "axis": "y", "origin": [10.5, 0, 3.5]},
			"faces": {
				"north": {"uv": [0, 0, 3.5, 3.5], "texture": "#4"},
				"east": {"uv": [0, 3.5, 3.5, 7], "texture": "#4"},
				"south": {"uv": [3.5, 0, 7, 3.5], "texture": "#4"},
				"west": {"uv": [3.5, 3.5, 7, 7], "texture": "#4"},
				"up": {"uv": [3.5, 10.5, 0, 7], "texture": "#4"},
				"down": {"uv": [10.5, 0, 7, 3.5], "texture": "#4"}
			}
		},
		{
			"from": [5.4, 4.5, 12.2],
			"to": [7.4, 6.5, 12.2],
			"light_emission": 7,
			"rotation": {"angle": 0, "axis": "y", "origin": [5.4, 4.5, 12.2]},
			"faces": {
				"north": {"uv": [0, 0, 2, 2], "texture": "#1"},
				"east": {"uv": [0, 0, 0, 2], "texture": "#1"},
				"south": {"uv": [0, 2, 2, 4], "texture": "#1"},
				"west": {"uv": [0, 0, 0, 2], "texture": "#1"},
				"up": {"uv": [2, 0, 0, 0], "texture": "#1"},
				"down": {"uv": [2, 0, 0, 0], "texture": "#1"}
			}
		},
		{
			"name": "gloss_outline",
			"from": [11.72, 7.22, 11.72],
			"to": [4.28, -0.22, 4.28],
			"light_emission": 15,
			"rotation": {"angle": 0, "axis": "y", "origin": [10.325, 0.245, 3.815]},
			"faces": {
				"north": {"uv": [4, 0, 8, 4], "rotation": 180, "texture": "#2"},
				"east": {"uv": [4, 4, 8, 8], "rotation": 180, "texture": "#2"},
				"south": {"uv": [0, 0, 4, 4], "rotation": 180, "texture": "#2"},
				"west": {"uv": [0, 4, 4, 8], "rotation": 180, "texture": "#2"},
				"up": {"uv": [12, 0, 8, 4], "rotation": 180, "texture": "#2"},
				"down": {"uv": [4, 12, 0, 8], "rotation": 180, "texture": "#2"}
			}
		}
	],
	"display": {
		"thirdperson_righthand": {
			"rotation": [0, -90, 0],
			"translation": [0, 3.25, 1.5],
			"scale": [0.4, 0.4, 0.4]
		},
		"thirdperson_lefthand": {
			"rotation": [0, -90, 0],
			"translation": [0, 3.25, 1.5],
			"scale": [0.4, 0.4, 0.4]
		},
		"firstperson_righthand": {
			"rotation": [-7, -63, 2],
			"translation": [-0.25, 5.5, 2],
			"scale": [0.4, 0.4, 0.55]
		},
		"firstperson_lefthand": {
			"rotation": [-7, -63, 2],
			"translation": [-0.25, 5.5, 2],
			"scale": [0.4, 0.4, 0.55]
		},
		"ground": {
			"translation": [0, 4.25, 0],
			"scale": [0.56, 0.56, 0.56]
		}
	}
}