{
	"credit": "Made with Blockbench",
	"textures": {
		"3": "item/bottle_exp",
		"4": "item/bottle_empty_hand",
		"5": "item/glow_hand",
		"particle": "item/bottle_empty_hand"
	},
	"elements": [
		{
			"from": [5.3, 1, 5.3],
			"to": [10.8, 4, 10.8],
			"light_emission": 7,
			"rotation": {"angle": 0, "axis": "y", "origin": [5.4, 1, 5.4]},
			"faces": {
				"north": {"uv": [6, 0, 12, 3], "texture": "#3"},
				"east": {"uv": [6, 3, 12, 6], "texture": "#3"},
				"south": {"uv": [6, 6, 12, 9], "texture": "#3"},
				"west": {"uv": [6, 9, 12, 12], "texture": "#3"},
				"up": {"uv": [6, 6, 0, 0], "texture": "#3"},
				"down": {"uv": [6, 6, 0, 12], "texture": "#3"}
			}
		},
		{
			"from": [4.3, 0, 4.3],
			"to": [11.7, 6.2, 11.7],
			"light_emission": 7,
			"rotation": {"angle": 0, "axis": "y", "origin": [8.5, 1.2, 7.5]},
			"faces": {
				"north": {"uv": [3.5, 0, 7, 3], "texture": "#4"},
				"east": {"uv": [3.5, 3, 7, 6], "texture": "#4"},
				"south": {"uv": [3.5, 6, 7, 9], "texture": "#4"},
				"west": {"uv": [0, 7, 3.5, 10], "texture": "#4"},
				"up": {"uv": [3.5, 3.5, 0, 0], "texture": "#4"},
				"down": {"uv": [3.5, 3.5, 0, 7], "texture": "#4"}
			}
		},
		{
			"from": [5, 8.2, 5],
			"to": [11, 10.2, 11],
			"light_emission": 7,
			"rotation": {"angle": 0, "axis": "y", "origin": [8.5, 8.2, 6.5]},
			"faces": {
				"north": {"uv": [10, 0, 13, 1], "texture": "#4"},
				"east": {"uv": [10, 1, 13, 2], "texture": "#4"},
				"south": {"uv": [10, 2, 13, 3], "texture": "#4"},
				"west": {"uv": [10, 3, 13, 4], "texture": "#4"},
				"up": {"uv": [10, 3, 7, 0], "texture": "#4"},
				"down": {"uv": [10, 3, 7, 6], "texture": "#4"}
			}
		},
		{
			"from": [6, 6.2, 6],
			"to": [10, 11.2, 10],
			"light_emission": 7,
			"rotation": {"angle": 0, "axis": "y", "origin": [7, 6.2, 7]},
			"faces": {
				"north": {"uv": [7, 6, 9, 8.5], "texture": "#4"},
				"east": {"uv": [7, 8.5, 9, 11], "texture": "#4"},
				"south": {"uv": [3.5, 9, 5.5, 11.5], "texture": "#4"},
				"west": {"uv": [9, 6, 11, 8.5], "texture": "#4"},
				"up": {"uv": [11, 10.5, 9, 8.5], "texture": "#4"},
				"down": {"uv": [2, 10, 0, 12], "texture": "#4"}
			}
		},
		{
			"name": "glow 2_outline",
			"from": [10.2, 11.45, 10.2],
			"to": [5.8, 5.95, 5.8],
			"light_emission": 7,
			"rotation": {"angle": 0, "axis": "y", "origin": [6.9, 5.95, 6.9]},
			"faces": {
				"north": {"uv": [0.53846, 1.5, 0.84615, 1.91667], "rotation": 180, "texture": "#5"},
				"east": {"uv": [1.38462, 1, 1.69231, 1.41667], "rotation": 180, "texture": "#5"},
				"south": {"uv": [1.07692, 1, 1.38462, 1.41667], "rotation": 180, "texture": "#5"},
				"west": {"uv": [1.07692, 1.41667, 1.38462, 1.83333], "rotation": 180, "texture": "#5"},
				"up": {"uv": [0.30769, 1.66667, 0, 2], "rotation": 180, "texture": "#5"},
				"down": {"uv": [1.69231, 1.75, 1.38462, 1.41667], "rotation": 180, "texture": "#5"}
			}
		},
		{
			"name": "glow 3_outline",
			"from": [12.07, 6.52, 12.07],
			"to": [3.93, -0.3, 3.93],
			"light_emission": 7,
			"rotation": {"angle": 0, "axis": "y", "origin": [8.55, 1.02, 7.45]},
			"faces": {
				"north": {"uv": [0.53846, 1, 1.07692, 1.5], "rotation": 180, "texture": "#5"},
				"east": {"uv": [0, 1.16667, 0.53846, 1.66667], "rotation": 180, "texture": "#5"},
				"south": {"uv": [0.53846, 0, 1.07692, 0.5], "rotation": 180, "texture": "#5"},
				"west": {"uv": [0.53846, 0.5, 1.07692, 1], "rotation": 180, "texture": "#5"},
				"up": {"uv": [0.53846, 0.58333, 0, 1.16667], "rotation": 180, "texture": "#5"},
				"down": {"uv": [0.53846, 0.58333, 0, 0], "rotation": 180, "texture": "#5"}
			}
		},
		{
			"name": "glow 1_outline",
			"from": [11.3, 10.4, 11.3],
			"to": [4.7, 8, 4.7],
			"light_emission": 7,
			"rotation": {"angle": 0, "axis": "y", "origin": [8.55, 8.1, 6.35]},
			"faces": {
				"north": {"uv": [1.53846, 0.33333, 2, 0.5], "rotation": 180, "texture": "#5"},
				"east": {"uv": [2.03846, 1, 2.5, 1.16667], "rotation": 180, "texture": "#5"},
				"south": {"uv": [1.53846, 0, 2, 0.16667], "rotation": 180, "texture": "#5"},
				"west": {"uv": [1.53846, 0.16667, 2, 0.33333], "rotation": 180, "texture": "#5"},
				"up": {"uv": [1.53846, 0.5, 1.07692, 1], "rotation": 180, "texture": "#5"},
				"down": {"uv": [1.53846, 0.5, 1.07692, 0], "rotation": 180, "texture": "#5"}
			}
		}
	],
	"display": {
		"thirdperson_righthand": {
			"rotation": [23, 0, 0],
			"translation": [0, 0, -0.25],
			"scale": [0.44, 0.44, 0.44]
		},
		"thirdperson_lefthand": {
			"rotation": [23, 0, 0],
			"translation": [0, 0, -0.25],
			"scale": [0.44, 0.44, 0.44]
		},
		"firstperson_righthand": {
			"rotation": [5, 0, 0],
			"translation": [1.25, 3.5, 0.5],
			"scale": [0.46, 0.52, 0.46]
		},
		"firstperson_lefthand": {
			"rotation": [5, 0, 0],
			"translation": [1.25, 3.5, 0.5],
			"scale": [0.46, 0.52, 0.46]
		},
		"ground": {
			"translation": [0, 4, 0],
			"scale": [0.52, 0.52, 0.52]
		},
		"gui": {
			"translation": [0.75, 3, 3.25],
			"scale": [1.27, 1.27, 1.27]
		},
		"head": {
			"translation": [0, 14.5, 0]
		},
		"fixed": {
			"translation": [0, 3.75, 3.25],
			"scale": [1.47, 1.47, 1.47]
		}
	}
}