{
	"credit": "Made with Blockbench",
	"textures": {
		"1": "item/gold_nugget_hand"
	},
	"elements": [
		{
			"from": [6.5, 1, 6.5],
			"to": [9.5, 4, 9.5],
			"rotation": {"angle": 0, "axis": "y", "origin": [7.5, 1, 6.5]},
			"faces": {
				"north": {"uv": [0, 0, 3, 3], "texture": "#1"},
				"east": {"uv": [3, 0, 0, 3], "texture": "#1"},
				"south": {"uv": [0, 0, 3, 3], "texture": "#1"},
				"west": {"uv": [3, 0, 0, 3], "texture": "#1"},
				"up": {"uv": [3, 6, 0, 3], "texture": "#1"},
				"down": {"uv": [6, 0, 3, 3], "texture": "#1"}
			}
		},
		{
			"from": [7, 0, 7],
			"to": [9, 3, 9],
			"rotation": {"angle": 0, "axis": "y", "origin": [7.75, 0, 6.75]},
			"faces": {
				"north": {"uv": [3, 3, 5, 6], "texture": "#1"},
				"east": {"uv": [3, 3, 5, 6], "texture": "#1"},
				"south": {"uv": [3, 3, 5, 6], "texture": "#1"},
				"west": {"uv": [5, 3, 3, 6], "texture": "#1"},
				"up": {"uv": [7, 5, 5, 3], "texture": "#1"},
				"down": {"uv": [7, 5, 5, 7], "texture": "#1"}
			}
		},
		{
			"name": "cube_outline",
			"from": [9.7, 4.2, 9.7],
			"to": [6.3, 0.8, 6.3],
			"rotation": {"angle": 0, "axis": "y", "origin": [7.5, 1, 6.5]},
			"faces": {
				"north": {"uv": [0, 7, 3, 10], "rotation": 180, "texture": "#1"},
				"east": {"uv": [3, 7, 0, 10], "rotation": 180, "texture": "#1"},
				"south": {"uv": [0, 7, 3, 10], "rotation": 180, "texture": "#1"},
				"west": {"uv": [3, 7, 0, 10], "rotation": 180, "texture": "#1"},
				"up": {"uv": [3, 7, 0, 10], "rotation": 180, "texture": "#1"},
				"down": {"uv": [3, 10, 0, 7], "rotation": 180, "texture": "#1"}
			}
		},
		{
			"name": "cube_outline",
			"from": [9.2, 3.2, 9.2],
			"to": [6.8, -0.2, 6.8],
			"rotation": {"angle": 0, "axis": "y", "origin": [7.75, 0, 6.75]},
			"faces": {
				"north": {"uv": [1, 7, 3, 10], "rotation": 180, "texture": "#1"},
				"east": {"uv": [3, 7, 1, 10], "rotation": 180, "texture": "#1"},
				"south": {"uv": [1, 7, 3, 10], "rotation": 180, "texture": "#1"},
				"west": {"uv": [1, 7, 3, 10], "rotation": 180, "texture": "#1"},
				"up": {"uv": [3, 8, 1, 10], "rotation": 180, "texture": "#1"},
				"down": {"uv": [3, 10, 1, 8], "rotation": 180, "texture": "#1"}
			}
		}
	],
	"display": {
		"thirdperson_righthand": {
			"translation": [-1.5, 3.25, 1.5],
			"scale": [0.59, 0.59, 0.59]
		},
		"thirdperson_lefthand": {
			"translation": [-1.5, 3.25, 1.5],
			"scale": [0.59, 0.59, 0.59]
		},
		"firstperson_righthand": {
			"translation": [1.5, 6, 0.5],
			"scale": [0.71, 0.71, 0.71]
		},
		"firstperson_lefthand": {
			"translation": [1.5, 6, 0.5],
			"scale": [0.71, 0.71, 0.71]
		}
	}
}