{
	"credit": "Made with Blockbench",
	"textures": {
		"2": "item/golden_hoe_hand",
		"particle": "item/golden_hoe_hand"
	},
	"elements": [
		{
			"name": "handle",
			"from": [7.5, -1, 7.49975],
			"to": [8.5, 13, 8.49975],
			"rotation": {"angle": 0, "axis": "y", "origin": [8, 10, 6.99975]},
			"faces": {
				"north": {"uv": [2, 0, 3, 14], "texture": "#2"},
				"east": {"uv": [3, 0, 4, 14], "texture": "#2"},
				"south": {"uv": [0, 0, 1, 14], "texture": "#2"},
				"west": {"uv": [1, 0, 2, 14], "texture": "#2"},
				"up": {"uv": [8, 1, 7, 0], "rotation": 180, "texture": "#2"},
				"down": {"uv": [8, 1, 7, 2], "rotation": 180, "texture": "#2"}
			}
		},
		{
			"name": "neck",
			"from": [7.5, 13, 7.99975],
			"to": [8.5, 14, 8.00075],
			"rotation": {"angle": 0, "axis": "y", "origin": [8, 10, 6.99975]},
			"faces": {
				"north": {"uv": [7, 3, 8, 4], "texture": "#2"},
				"east": {"uv": [12, 4, 12, 5], "texture": "#2"},
				"south": {"uv": [7, 2, 8, 3], "texture": "#2"},
				"west": {"uv": [11, 4, 11, 5], "texture": "#2"},
				"up": {"uv": [12, 4, 11, 4], "rotation": 180, "texture": "#2"},
				"down": {"uv": [12, 4, 11, 4], "rotation": 180, "texture": "#2"}
			}
		},
		{
			"name": "hoe head",
			"from": [6.5, 14, 3.99975],
			"to": [9.5, 14.001, 7.99975],
			"rotation": {"angle": 0, "axis": "y", "origin": [8, 10, 6.99975]},
			"faces": {
				"north": {"uv": [11, 4, 14, 4], "texture": "#2"},
				"east": {"uv": [11, 4, 15, 4], "texture": "#2"},
				"south": {"uv": [11, 4, 14, 4], "texture": "#2"},
				"west": {"uv": [11, 4, 15, 4], "texture": "#2"},
				"up": {"uv": [7, 4, 4, 0], "rotation": 180, "texture": "#2"},
				"down": {"uv": [7, 4, 4, 8], "rotation": 180, "texture": "#2"}
			}
		}
	],
	"display": {
		"thirdperson_righthand": {
			"translation": [0, 3, 1],
			"scale": [1.03, 1, 1.03]
		},
		"thirdperson_lefthand": {
			"translation": [0, 3, 1],
			"scale": [1.03, 1, 1.03]
		},
		"firstperson_righthand": {
			"rotation": [13.86, -3.87, -1.26],
			"translation": [0, 2.5, 1.75],
			"scale": [0.79, 0.79, 0.79]
		},
		"firstperson_lefthand": {
			"rotation": [13.86, -3.87, -1.26],
			"translation": [0, 2.5, 1.75],
			"scale": [0.79, 0.79, 0.79]
		}
	}
}