{
	"credit": "Made with Blockbench",
	"textures": {
		"0": "item/horn_hand",
		"particle": "item/horn_hand"
	},
	"elements": [
		{
			"from": [7.0773, 0.31308, 6.79528],
			"to": [9.0773, 2.31308, 11.49528],
			"rotation": {"angle": -45, "axis": "x", "origin": [8.0773, 1.97981, 7.8]},
			"faces": {
				"north": {"uv": [4, 8, 6, 10], "texture": "#0"},
				"east": {"uv": [7, 0, 12, 2], "texture": "#0"},
				"south": {"uv": [4, 10, 6, 12], "texture": "#0"},
				"west": {"uv": [7, 2, 12, 4], "texture": "#0"},
				"up": {"uv": [2, 11, 0, 6], "texture": "#0"},
				"down": {"uv": [4, 6, 2, 11], "texture": "#0"}
			}
		},
		{
			"from": [6.5773, 0, 4.3773],
			"to": [9.5773, 3, 8.3773],
			"rotation": {"angle": 0, "axis": "y", "origin": [8.0773, 1.97981, 7.8]},
			"faces": {
				"north": {"uv": [7, 4, 10, 7], "texture": "#0"},
				"east": {"uv": [0, 0, 4, 3], "texture": "#0"},
				"south": {"uv": [7, 7, 10, 10], "texture": "#0"},
				"west": {"uv": [0, 3, 4, 6], "texture": "#0"},
				"up": {"uv": [7, 4, 4, 0], "texture": "#0"},
				"down": {"uv": [7, 4, 4, 8], "texture": "#0"}
			}
		}
	],
	"overrides": [
		{"predicate": {"custom_model_data": 1}, "model": "item/horn_tooting_hand"}
	],
	"display": {
		"thirdperson_righthand": {
			"rotation": [104, 0, 0],
			"translation": [0, 0.5, 5.5],
			"scale": [0.85, 0.85, 0.85]
		},
		"thirdperson_lefthand": {
			"rotation": [104, 0, 0],
			"translation": [0, 0.5, 5.5],
			"scale": [0.85, 0.85, 0.85]
		},
		"firstperson_righthand": {
			"rotation": [83, 0, 13],
			"translation": [-0.75, 2.75, 5.25],
			"scale": [0.75, 0.75, 0.75]
		},
		"firstperson_lefthand": {
			"rotation": [83, 0, 13],
			"translation": [-0.75, 2.75, 5.25],
			"scale": [0.75, 0.75, 0.75]
		}
	}
}