{
	"credit": "Made with Blockbench",
	"textures": {
		"0": "item/lever_hand",
		"particle": "item/lever_hand"
	},
	"elements": [
		{
			"from": [6, 0, 5],
			"to": [10, 2, 11],
			"rotation": {"angle": 0, "axis": "y", "origin": [7, 0, 7]},
			"faces": {
				"north": {"uv": [6, 8, 10, 10], "texture": "#0"},
				"east": {"uv": [0, 6, 6, 8], "texture": "#0"},
				"south": {"uv": [10, 0, 14, 2], "texture": "#0"},
				"west": {"uv": [6, 6, 12, 8], "texture": "#0"},
				"up": {"uv": [4, 6, 0, 0], "texture": "#0"},
				"down": {"uv": [8, 0, 4, 6], "texture": "#0"}
			}
		},
		{
			"from": [7.2256, 1.99226, 6.8759],
			"to": [8.7744, 6.74426, 8.4247],
			"rotation": {"angle": -45, "axis": "x", "origin": [7.2256, 2.25626, 8.4247]},
			"faces": {
				"north": {"uv": [0, 8, 2, 14], "texture": "#0"},
				"east": {"uv": [8, 0, 10, 6], "texture": "#0"},
				"south": {"uv": [2, 8, 4, 14], "texture": "#0"},
				"west": {"uv": [4, 8, 6, 14], "texture": "#0"},
				"up": {"uv": [12, 4, 10, 2], "texture": "#0"},
				"down": {"uv": [12, 4, 10, 6], "texture": "#0"}
			}
		}
	],
	"display": {
		"thirdperson_righthand": {
			"rotation": [56, 0, 0],
			"translation": [-1.25, 4.75, 5.75],
			"scale": [1, 1.01, 0.83]
		},
		"thirdperson_lefthand": {
			"rotation": [56, 0, 0],
			"translation": [-1.25, 4.75, 5.75],
			"scale": [1, 1.01, 0.83]
		},
		"firstperson_righthand": {
			"rotation": [19, 0, 0],
			"translation": [2, 7.75, 1.25],
			"scale": [1, 1, 0.75]
		},
		"firstperson_lefthand": {
			"rotation": [19, 0, 0],
			"translation": [2, 7.75, 1.25],
			"scale": [1, 1, 0.75]
		}
	}
}