{
	"credit": "Made with Blockbench",
	"textures": {
		"1": "item/music_hand_mall"
	},
	"elements": [
		{
			"from": [3, 0, 3],
			"to": [13, 1, 13],
			"rotation": {"angle": 0, "axis": "y", "origin": [7, 0, 7]},
			"faces": {
				"north": {"uv": [5, 0, 10, 0.5], "texture": "#1"},
				"east": {"uv": [5, 0, 10, 0.5], "texture": "#1"},
				"south": {"uv": [5, 0, 10, 0.5], "texture": "#1"},
				"west": {"uv": [5, 0, 10, 0.5], "texture": "#1"},
				"up": {"uv": [5, 5, 0, 0], "texture": "#1"},
				"down": {"uv": [0, 0, 5, 5], "texture": "#1"}
			}
		}
	],
	"display": {
		"thirdperson_righthand": {
			"rotation": [0, 0, 91],
			"translation": [-6, -0.25, -0.25],
			"scale": [0.62, 0.79, 0.62]
		},
		"thirdperson_lefthand": {
			"rotation": [0, 0, 91],
			"translation": [-6, -0.25, -0.25],
			"scale": [0.62, 0.79, 0.62]
		},
		"firstperson_righthand": {
			"rotation": [-86.21, 15.2, 74.21],
			"translation": [-4.75, 4.25, 0],
			"scale": [0.62, 0.68, 0.62]
		},
		"firstperson_lefthand": {
			"rotation": [-86.21, 15.2, 74.21],
			"translation": [-4.75, 4.25, 0],
			"scale": [0.62, 0.68, 0.62]
		}
	}
}