{
	"credit": "Made with Blockbench",
	"texture_size": [32, 32],
	"textures": {
		"2": "item/music_hand_11",
		"particle": "item/music_hand_11"
	},
	"elements": [
		{
			"from": [3, 0, 8],
			"to": [8, 1, 13],
			"rotation": {"angle": 0, "axis": "z", "origin": [3, 0, 9]},
			"faces": {
				"north": {"uv": [4, 5, 6.5, 5.5], "texture": "#2"},
				"east": {"uv": [5, 4, 7.5, 4.5], "texture": "#2"},
				"south": {"uv": [5, 4.5, 7.5, 5], "texture": "#2"},
				"west": {"uv": [4, 5.5, 6.5, 6], "texture": "#2"},
				"up": {"uv": [2.5, 2.5, 0, 0], "texture": "#2"},
				"down": {"uv": [2.5, 0, 0, 2.5], "texture": "#2"}
			}
		},
		{
			"from": [8, 0, 3],
			"to": [13, 1, 8],
			"rotation": {"angle": 0, "axis": "y", "origin": [8, 0, 3]},
			"faces": {
				"north": {"uv": [4, 6, 6.5, 6.5], "texture": "#2"},
				"east": {"uv": [4, 6.5, 6.5, 7], "texture": "#2"},
				"south": {"uv": [6.5, 5, 9, 5.5], "texture": "#2"},
				"west": {"uv": [6.5, 5.5, 9, 6], "texture": "#2"},
				"up": {"uv": [5, 2.5, 2.5, 0], "texture": "#2"},
				"down": {"uv": [5, 0, 2.5, 2.5], "texture": "#2"}
			}
		},
		{
			"from": [9, 0, 9],
			"to": [13, 1, 13],
			"rotation": {"angle": 22.5, "axis": "z", "origin": [8, 0, 9]},
			"faces": {
				"north": {"uv": [7, 0.5, 9, 1], "texture": "#2"},
				"east": {"uv": [7, 1, 9, 1.5], "texture": "#2"},
				"south": {"uv": [7, 1.5, 9, 2], "texture": "#2"},
				"west": {"uv": [2, 7, 4, 7.5], "texture": "#2"},
				"up": {"uv": [4, 7, 2, 5], "texture": "#2"},
				"down": {"uv": [4, 5, 2, 7], "texture": "#2"}
			}
		},
		{
			"from": [10, 0, 8],
			"to": [13, 1, 9],
			"rotation": {"angle": 22.5, "axis": "z", "origin": [8, 0, 8]},
			"faces": {
				"north": {"uv": [7, 2, 8.5, 2.5], "texture": "#2"},
				"east": {"uv": [0.5, 7.5, 1, 8], "texture": "#2"},
				"south": {"uv": [7, 2.5, 8.5, 3], "texture": "#2"},
				"west": {"uv": [1, 7.5, 1.5, 8], "texture": "#2"},
				"up": {"uv": [8.5, 3.5, 7, 3], "texture": "#2"},
				"down": {"uv": [8.5, 3, 7, 3.5], "texture": "#2"}
			}
		},
		{
			"from": [3, 0, 3],
			"to": [7, 1, 7],
			"rotation": {"angle": 0, "axis": "z", "origin": [3, 0, 3]},
			"faces": {
				"north": {"uv": [6.5, 6, 8.5, 6.5], "texture": "#2"},
				"east": {"uv": [6.5, 6.5, 8.5, 7], "texture": "#2"},
				"south": {"uv": [0, 7, 2, 7.5], "texture": "#2"},
				"west": {"uv": [7, 0, 9, 0.5], "texture": "#2"},
				"up": {"uv": [2, 7, 0, 5], "texture": "#2"},
				"down": {"uv": [2, 5, 0, 7], "texture": "#2"}
			}
		},
		{
			"from": [7, 0, 4],
			"to": [8, 1, 7],
			"rotation": {"angle": 0, "axis": "z", "origin": [7, 0, 3]},
			"faces": {
				"north": {"uv": [1.5, 7.5, 2, 8], "texture": "#2"},
				"east": {"uv": [4, 7, 5.5, 7.5], "texture": "#2"},
				"south": {"uv": [2, 7.5, 2.5, 8], "texture": "#2"},
				"west": {"uv": [5.5, 7, 7, 7.5], "texture": "#2"},
				"up": {"uv": [7.5, 8.5, 7, 7], "texture": "#2"},
				"down": {"uv": [7.5, 7, 7, 8.5], "texture": "#2"}
			}
		}
	],
	"display": {
		"thirdperson_righthand": {
			"rotation": [0, 0, 91],
			"translation": [-6, -0.25, -0.25],
			"scale": [0.62, 0.79, 0.62]
		},
		"thirdperson_lefthand": {
			"rotation": [-179.25, 0, 91],
			"translation": [-6, -0.25, -0.25],
			"scale": [0.62, 0.79, 0.62]
		},
		"firstperson_righthand": {
			"rotation": [-86.21, 15.2, 74.21],
			"translation": [-4.75, 4.25, 0],
			"scale": [0.62, 0.68, 0.62]
		},
		"firstperson_lefthand": {
			"rotation": [-86.21, 15.2, 74.21],
			"translation": [-4.75, 4.25, 0],
			"scale": [0.62, 0.68, 0.62]
		}
	},
	"groups": [
		0,
		1,
		{
			"name": "group",
			"origin": [8, 0, 3],
			"color": 0,
			"children": []
		},
		{
			"name": "group",
			"origin": [8, 0, 8],
			"color": 0,
			"children": [2, 3]
		},
		{
			"name": "group",
			"origin": [7, 0, 3],
			"color": 0,
			"children": [4, 5]
		}
	]
}