{
	"credit": "Made with Blockbench",
	"textures": {
		"1": "item/nether_brick_hand"
	},
	"elements": [
		{
			"from": [5, 0, 3],
			"to": [11, 4, 13],
			"light_emission": 7,
			"rotation": {"angle": 0, "axis": "y", "origin": [6, 0, 6]},
			"faces": {
				"north": {"uv": [6, 0, 9, 2], "texture": "#1"},
				"east": {"uv": [0, 5, 5, 7], "texture": "#1"},
				"south": {"uv": [6, 0, 9, 2], "texture": "#1"},
				"west": {"uv": [0, 5, 5, 7], "texture": "#1"},
				"up": {"uv": [3, 5, 0, 0], "texture": "#1"},
				"down": {"uv": [6, 0, 3, 5], "texture": "#1"}
			}
		}
	],
	"display": {
		"thirdperson_righthand": {
			"rotation": [90, 0, 0],
			"translation": [-1.5, 0, 4.25],
			"scale": [0.48, 0.48, 0.48]
		},
		"thirdperson_lefthand": {
			"rotation": [90, 0, 0],
			"translation": [-1.5, 0, 4.25],
			"scale": [0.48, 0.48, 0.48]
		},
		"firstperson_righthand": {
			"rotation": [3.16, 47.86, 5.78],
			"translation": [0, 6.5, 0.75],
			"scale": [0.62, 0.62, 0.54]
		},
		"firstperson_lefthand": {
			"rotation": [3.16, 47.86, 5.78],
			"translation": [0, 6.5, 0.75],
			"scale": [0.62, 0.62, 0.54]
		}
	}
}