{
	"credit": "Made with Blockbench",
	"textures": {
		"0": "item/netherite_shovel_hand",
		"particle": "item/netherite_shovel_hand"
	},
	"elements": [
		{
			"name": "handle",
			"from": [7.5, -1, 7.5],
			"to": [8.5, 13, 8.5],
			"rotation": {"angle": 0, "axis": "y", "origin": [7.5, -1, 7.5]},
			"faces": {
				"north": {"uv": [5, 0, 6, 14], "texture": "#0"},
				"east": {"uv": [6, 0, 7, 14], "texture": "#0"},
				"south": {"uv": [7, 0, 8, 14], "texture": "#0"},
				"west": {"uv": [8, 0, 9, 14], "texture": "#0"},
				"up": {"uv": [10, 7, 9, 6], "texture": "#0"},
				"down": {"uv": [10, 7, 9, 8], "texture": "#0"}
			}
		},
		{
			"name": "shovel",
			"from": [5.5, 11, 8],
			"to": [10.5, 16, 8.001],
			"rotation": {"angle": 0, "axis": "x", "origin": [8, 13.5, 8]},
			"faces": {
				"north": {"uv": [0, 0, 5, 5], "texture": "#0"},
				"east": {"uv": [15, 6, 15, 11], "texture": "#0"},
				"south": {"uv": [5, 0, 0, 5], "texture": "#0"},
				"west": {"uv": [15, 6, 15, 11], "texture": "#0"},
				"up": {"uv": [15, 11, 10, 11], "texture": "#0"},
				"down": {"uv": [15, 11, 10, 11], "texture": "#0"}
			}
		}
	],
	"display": {
		"thirdperson_righthand": {
			"translation": [0, 3, 1],
			"scale": [1.03, 1, 1.03]
		},
		"thirdperson_lefthand": {
			"translation": [0, 3, 1],
			"scale": [1.03, 1, 1.03]
		},
		"firstperson_righthand": {
			"rotation": [4.89, -6.87, -1.24],
			"translation": [0, 2.5, 1.75],
			"scale": [0.79, 0.79, 0.79]
		},
		"firstperson_lefthand": {
			"rotation": [4.89, -6.87, -1.24],
			"translation": [0, 2.5, 1.75],
			"scale": [0.79, 0.79, 0.79]
		}
	}
}