{
	"credit": "Made with Blockbench",
	"texture_size": [32, 32],
	"textures": {
		"0": "item/raw_gold_hand",
		"particle": "item/raw_gold_hand"
	},
	"elements": [
		{
			"from": [7.05, 0, 5],
			"to": [12.05, 4, 11],
			"light_emission": 15,
			"rotation": {"angle": 0, "axis": "y", "origin": [7.05, 0, 9]},
			"faces": {
				"north": {"uv": [0, 5, 2.5, 7], "texture": "#0"},
				"east": {"uv": [0, 3, 3, 5], "texture": "#0"},
				"south": {"uv": [5, 0, 7.5, 2], "texture": "#0"},
				"west": {"uv": [3, 3, 6, 5], "texture": "#0"},
				"up": {"uv": [2.5, 3, 0, 0], "texture": "#0"},
				"down": {"uv": [5, 0, 2.5, 3], "texture": "#0"}
			}
		},
		{
			"from": [5.05, 0.025, 6],
			"to": [8.05, 3, 10],
			"light_emission": 15,
			"rotation": {"angle": 0, "axis": "y", "origin": [6.55, 1.5, 8]},
			"faces": {
				"north": {"uv": [4, 6.5, 5.5, 8], "texture": "#0"},
				"east": {"uv": [2.5, 5, 4.5, 6.5], "texture": "#0"},
				"south": {"uv": [6.5, 4, 8, 5.5], "texture": "#0"},
				"west": {"uv": [4.5, 5, 6.5, 6.5], "texture": "#0"},
				"up": {"uv": [7.5, 4, 6, 2], "texture": "#0"},
				"down": {"uv": [4, 6.5, 2.5, 8.5], "texture": "#0"}
			}
		},
		{
			"name": "cube_outline",
			"from": [8.25, 3.2, 10.2],
			"to": [4.85, -0.175, 5.8],
			"light_emission": 15,
			"rotation": {"angle": 0, "axis": "y", "origin": [6.55, 1.5, 8]},
			"faces": {
				"north": {"uv": [1.65, 7.96154, 1.24091, 8.30769], "rotation": 180, "texture": "#0"},
				"east": {"uv": [0.54545, 8.19231, 1.09091, 8.53846], "rotation": 180, "texture": "#0"},
				"south": {"uv": [1.25909, 8.58846, 1.66818, 8.93462], "rotation": 180, "texture": "#0"},
				"west": {"uv": [2, 8.69231, 2.54545, 9.03846], "rotation": 180, "texture": "#0"},
				"up": {"uv": [0.40909, 8.53846, 0, 9], "rotation": 180, "texture": "#0"},
				"down": {"uv": [1.36364, 7.96154, 0.95455, 7.5], "rotation": 180, "texture": "#0"}
			}
		},
		{
			"name": "cube_outline",
			"from": [12.25, 4.2, 11.2],
			"to": [6.85, -0.2, 4.8],
			"light_emission": 15,
			"rotation": {"angle": 0, "axis": "y", "origin": [7.05, 0, 9]},
			"faces": {
				"north": {"uv": [0.66667, 7.5, 1, 7.92857], "rotation": 180, "texture": "#0"},
				"east": {"uv": [0.4, 8.14286, 0.8, 8.57143], "rotation": 180, "texture": "#0"},
				"south": {"uv": [0, 8.57143, 0.33333, 9], "rotation": 180, "texture": "#0"},
				"west": {"uv": [0, 8.14286, 0.4, 8.57143], "rotation": 180, "texture": "#0"},
				"up": {"uv": [0.66667, 7.5, 0.33333, 8.14286], "rotation": 180, "texture": "#0"},
				"down": {"uv": [0.33333, 8.14286, 0, 7.5], "rotation": 180, "texture": "#0"}
			}
		}
	],
	"display": {
		"thirdperson_righthand": {
			"rotation": [60, 0, 0],
			"translation": [-2.5, 1.5, 3.75],
			"scale": [0.63, 0.63, 0.63]
		},
		"thirdperson_lefthand": {
			"rotation": [60, -180, 0],
			"translation": [-2.25, 1.5, 3.75],
			"scale": [0.63, 0.63, 0.63]
		},
		"firstperson_righthand": {
			"rotation": [4.23, 23.55, -0.13],
			"translation": [-3.25, 7.75, 3.75],
			"scale": [0.57, 0.57, 0.57]
		},
		"firstperson_lefthand": {
			"rotation": [4.23, -159, -0.13],
			"translation": [-3.5, 7.75, 3.75],
			"scale": [0.57, 0.57, 0.57]
		}
	}
}