{
	"credit": "Made with Blockbench",
	"textures": {
		"0": "item/raw_iron_hand",
		"particle": "item/raw_iron_hand"
	},
	"elements": [
		{
			"from": [7.05, 0, 5],
			"to": [12.05, 4, 11],
			"light_emission": 7,
			"rotation": {"angle": 0, "axis": "y", "origin": [7.05, 0, 9]},
			"faces": {
				"north": {"uv": [0, 5, 2.5, 7], "texture": "#0"},
				"east": {"uv": [0, 3, 3, 5], "texture": "#0"},
				"south": {"uv": [5, 0, 7.5, 2], "texture": "#0"},
				"west": {"uv": [3, 3, 6, 5], "texture": "#0"},
				"up": {"uv": [2.5, 3, 0, 0], "texture": "#0"},
				"down": {"uv": [5, 0, 2.5, 3], "texture": "#0"}
			}
		},
		{
			"from": [5.05, 0.025, 6],
			"to": [8.05, 3, 10],
			"light_emission": 7,
			"rotation": {"angle": 0, "axis": "y", "origin": [6.55, 1.5, 8]},
			"faces": {
				"north": {"uv": [4, 6.5, 5.5, 8], "texture": "#0"},
				"east": {"uv": [2.5, 5, 4.5, 6.5], "texture": "#0"},
				"south": {"uv": [6.5, 4, 8, 5.5], "texture": "#0"},
				"west": {"uv": [4.5, 5, 6.5, 6.5], "texture": "#0"},
				"up": {"uv": [7.5, 4, 6, 2], "texture": "#0"},
				"down": {"uv": [4, 6.5, 2.5, 8.5], "texture": "#0"}
			}
		}
	],
	"display": {
		"thirdperson_righthand": {
			"rotation": [60, 0, 0],
			"translation": [-2.5, 1.5, 3.75],
			"scale": [0.63, 0.63, 0.63]
		},
		"thirdperson_lefthand": {
			"rotation": [60, -180, 0],
			"translation": [-2.25, 1.5, 3.75],
			"scale": [0.63, 0.63, 0.63]
		},
		"firstperson_righthand": {
			"rotation": [4.23, 23.55, -0.13],
			"translation": [-3.25, 7.75, 3.75],
			"scale": [0.57, 0.57, 0.57]
		},
		"firstperson_lefthand": {
			"rotation": [4.23, -159, -0.13],
			"translation": [-3.5, 7.75, 3.75],
			"scale": [0.57, 0.57, 0.57]
		}
	}
}