{
	"credit": "Made with Blockbench",
	"ambientocclusion": false,
	"textures": {
		"particle": "item/redstone_torch",
		"torch": "item/redstone_torch"
	},
	"elements": [
		{
			"from": [7, 0, 7],
			"to": [9, 10, 9],
			"shade": false,
			"light_emission": 7,
			"faces": {
				"north": {"uv": [7, 6, 9, 16], "texture": "#torch"},
				"east": {"uv": [7, 6, 9, 16], "texture": "#torch"},
				"south": {"uv": [7, 6, 9, 16], "texture": "#torch"},
				"west": {"uv": [7, 6, 9, 16], "texture": "#torch"},
				"up": {"uv": [7, 6, 9, 8], "texture": "#torch"},
				"down": {"uv": [7, 13, 9, 15], "texture": "#torch", "cullface": "down"}
			}
		},
		{
			"from": [6.5, 7.5, 6.5],
			"to": [9.5, 7.5, 9.5],
			"shade": false,
			"light_emission": 7,
			"faces": {
				"up": {"uv": [8, 5, 9, 6], "texture": "#torch"}
			}
		},
		{
			"from": [6.5, 10.5, 6.5],
			"to": [9.5, 10.5, 9.5],
			"shade": false,
			"light_emission": 7,
			"faces": {
				"down": {"uv": [7, 5, 8, 6], "texture": "#torch", "cullface": "up"}
			}
		},
		{
			"from": [6.5, 7.5, 6.5],
			"to": [9.5, 10.5, 6.5],
			"shade": false,
			"light_emission": 7,
			"faces": {
				"south": {"uv": [9, 6, 10, 7], "texture": "#torch"}
			}
		},
		{
			"from": [9.5, 7.5, 6.5],
			"to": [9.5, 10.5, 9.5],
			"shade": false,
			"light_emission": 7,
			"faces": {
				"west": {"uv": [6, 7, 7, 8], "texture": "#torch"}
			}
		},
		{
			"from": [6.5, 7.5, 9.5],
			"to": [9.5, 10.5, 9.5],
			"shade": false,
			"light_emission": 7,
			"faces": {
				"north": {"uv": [6, 6, 7, 7], "texture": "#torch"}
			}
		},
		{
			"from": [6.5, 7.5, 6.5],
			"to": [6.5, 10.5, 9.5],
			"shade": false,
			"light_emission": 7,
			"faces": {
				"east": {"uv": [9, 7, 10, 8], "texture": "#torch"}
			}
		}
	],
	"display": {
		"thirdperson_righthand": {
			"translation": [-0.25, 3, 2.5],
			"scale": [0.8, 0.8, 0.8]
		},
		"thirdperson_lefthand": {
			"translation": [-0.25, 3.5, 2.25],
			"scale": [0.74, 0.74, 0.74]
		},
		"firstperson_righthand": {
			"rotation": [-16, 0, 0],
			"translation": [1.25, 5.25, 1.25],
			"scale": [0.72, 0.72, 0.72]
		},
		"firstperson_lefthand": {
			"rotation": [-16, 0, 0],
			"translation": [1.25, 5.25, 1.25],
			"scale": [0.72, 0.72, 0.72]
		}
	}
}