{
	"credit": "Made with Blockbench",
	"textures": {
		"2": "item/snowball_hand",
		"particle": "item/snowball_hand"
	},
	"elements": [
		{
			"name": "eye",
			"from": [5.5, 0, 5.5],
			"to": [10.5, 5, 10.5],
			"light_emission": 7,
			"rotation": {"angle": 0, "axis": "y", "origin": [8.5, 0, 4.5]},
			"faces": {
				"north": {"uv": [0, 0, 5, 5], "texture": "#2"},
				"east": {"uv": [0, 0, 5, 5], "texture": "#2"},
				"south": {"uv": [0, 0, 5, 5], "texture": "#2"},
				"west": {"uv": [0, 0, 5, 5], "texture": "#2"},
				"up": {"uv": [5, 10, 0, 5], "texture": "#2"},
				"down": {"uv": [10, 5, 5, 10], "texture": "#2"}
			}
		}
	],
	"display": {
		"thirdperson_righthand": {
			"translation": [0, 4.25, 1.5],
			"scale": [0.53, 0.53, 0.53]
		},
		"thirdperson_lefthand": {
			"translation": [0, 4.25, 1.5],
			"scale": [0.53, 0.53, 0.53]
		},
		"firstperson_righthand": {
			"rotation": [-7, -63, 2],
			"translation": [-0.25, 6.25, 2],
			"scale": [0.53, 0.53, 0.53]
		},
		"firstperson_lefthand": {
			"rotation": [-7, -63, 2],
			"translation": [-0.25, 6.25, 2],
			"scale": [0.53, 0.53, 0.53]
		},
		"ground": {
			"translation": [0, 4.25, 0],
			"scale": [0.56, 0.56, 0.56]
		}
	}
}