{
	"credit": "Made with Blockbench",
	"texture_size": [32, 32],
	"textures": {
		"1": "item/totem_of_undying_hand"
	},
	"elements": [
		{
			"name": "head",
			"from": [5, 5, 6.25],
			"to": [11, 12, 12.25],
			"light_emission": 7,
			"rotation": {"angle": 0, "axis": "y", "origin": [5, 5, 6.25]},
			"faces": {
				"north": {"uv": [0, 0, 3, 3.5], "texture": "#1"},
				"east": {"uv": [3, 0, 6, 3.5], "texture": "#1"},
				"south": {"uv": [0, 3.5, 3, 7], "texture": "#1"},
				"west": {"uv": [3, 3.5, 6, 7], "texture": "#1"},
				"up": {"uv": [9, 3, 6, 0], "texture": "#1"},
				"down": {"uv": [9, 3, 6, 6], "texture": "#1"}
			}
		},
		{
			"name": "nose",
			"from": [7, 5, 5.25],
			"to": [9, 8, 7.25],
			"light_emission": 7,
			"rotation": {"angle": 0, "axis": "y", "origin": [5, 1, 1.25]},
			"faces": {
				"north": {"uv": [5, 8.5, 6, 10], "texture": "#1"},
				"east": {"uv": [2, 9, 3, 10.5], "texture": "#1"},
				"south": {"uv": [9, 4, 10, 5.5], "texture": "#1"},
				"west": {"uv": [9, 5.5, 10, 7], "texture": "#1"},
				"up": {"uv": [8.5, 10.5, 7.5, 9.5], "texture": "#1"},
				"down": {"uv": [4, 10, 3, 11], "texture": "#1"}
			}
		},
		{
			"name": "feet",
			"from": [6, 0, 8.25],
			"to": [10, 2, 10.25],
			"light_emission": 7,
			"rotation": {"angle": 0, "axis": "y", "origin": [5, -5, 6.25]},
			"faces": {
				"north": {"uv": [9, 0, 11, 1], "texture": "#1"},
				"east": {"uv": [4, 10, 5, 11], "texture": "#1"},
				"south": {"uv": [9, 1, 11, 2], "texture": "#1"},
				"west": {"uv": [10, 4, 11, 5], "texture": "#1"},
				"up": {"uv": [11, 3, 9, 2], "texture": "#1"},
				"down": {"uv": [11, 3, 9, 4], "texture": "#1"}
			}
		},
		{
			"name": "arm 1",
			"from": [2, 3, 9.75],
			"to": [5, 5, 9.75],
			"light_emission": 7,
			"rotation": {"angle": 0, "axis": "y", "origin": [0, -2, 6.25]},
			"faces": {
				"north": {"uv": [9, 7, 10.5, 8], "texture": "#1"},
				"east": {"uv": [0, 0, 0, 1], "texture": "#1"},
				"south": {"uv": [9, 8, 10.5, 9], "texture": "#1"},
				"west": {"uv": [0, 0, 0, 1], "texture": "#1"},
				"up": {"uv": [1.5, 0, 0, 0], "texture": "#1"},
				"down": {"uv": [1.5, 0, 0, 0], "texture": "#1"}
			}
		},
		{
			"name": "arm 2",
			"from": [11, 3, 9.75],
			"to": [14, 5, 9.75],
			"light_emission": 7,
			"rotation": {"angle": 0, "axis": "y", "origin": [8, -2, 6.25]},
			"faces": {
				"north": {"uv": [9, 9, 10.5, 10], "texture": "#1"},
				"east": {"uv": [0, 0, 0, 1], "texture": "#1"},
				"south": {"uv": [6, 9.5, 7.5, 10.5], "texture": "#1"},
				"west": {"uv": [0, 0, 0, 1], "texture": "#1"},
				"up": {"uv": [1.5, 0, 0, 0], "texture": "#1"},
				"down": {"uv": [1.5, 0, 0, 0], "texture": "#1"}
			}
		},
		{
			"name": "body",
			"from": [5, 2, 7.25],
			"to": [11, 5, 11.25],
			"light_emission": 7,
			"rotation": {"angle": 0, "axis": "y", "origin": [5, -2, 6.25]},
			"faces": {
				"north": {"uv": [3, 7, 6, 8.5], "texture": "#1"},
				"east": {"uv": [3, 8.5, 5, 10], "texture": "#1"},
				"south": {"uv": [6, 8, 9, 9.5], "texture": "#1"},
				"west": {"uv": [0, 9, 2, 10.5], "texture": "#1"},
				"up": {"uv": [9, 8, 6, 6], "texture": "#1"},
				"down": {"uv": [3, 7, 0, 9], "texture": "#1"}
			}
		}
	],
	"display": {
		"thirdperson_righthand": {
			"rotation": [0, 90, 0],
			"translation": [-0.75, 2.75, 1.25],
			"scale": [0.46, 0.46, 0.46]
		},
		"thirdperson_lefthand": {
			"rotation": [0, 90, 0],
			"translation": [-0.75, 2.75, 1.25],
			"scale": [0.46, 0.46, 0.46]
		},
		"firstperson_righthand": {
			"rotation": [0, 127, -7],
			"translation": [-0.4, 4.75, 2.5],
			"scale": [0.41, 0.42, 0.41]
		},
		"firstperson_lefthand": {
			"rotation": [0, 127, -7],
			"translation": [-0.4, 4.75, 2.5],
			"scale": [0.41, 0.42, 0.41]
		}
	}
}