{
	"credit": "Made with Blockbench",
	"texture_size": [64, 64],
	"textures": {
		"1": "item/tropical_fish_hand",
		"3": "item/bucket_tropical_fish",
		"particle": "item/tropical_fish_hand"
	},
	"elements": [
		{
			"from": [3, 2, 3],
			"to": [13, 11, 4],
			"rotation": {"angle": 0, "axis": "y", "origin": [3, 1, 3]},
			"faces": {
				"north": {"uv": [0, 0, 2.5, 2.25], "texture": "#3"},
				"east": {"uv": [5, 7.75, 5.25, 10], "texture": "#3"},
				"south": {"uv": [0, 2.25, 2.5, 4.5], "texture": "#3"},
				"west": {"uv": [5.25, 7.75, 5.5, 10], "texture": "#3"},
				"up": {"uv": [8.75, 8.5, 6.25, 8.25], "texture": "#3"},
				"down": {"uv": [11, 0, 8.5, 0.25], "texture": "#3"}
			}
		},
		{
			"from": [3, 2, 4],
			"to": [4, 11, 13],
			"rotation": {"angle": 0, "axis": "y", "origin": [3, 1, 13]},
			"faces": {
				"north": {"uv": [5.5, 7.75, 5.75, 10], "texture": "#3"},
				"east": {"uv": [2.5, 0, 4.75, 2.25], "texture": "#3"},
				"south": {"uv": [2, 8.25, 2.25, 10.5], "texture": "#3"},
				"west": {"uv": [2.5, 2.25, 4.75, 4.5], "texture": "#3"},
				"up": {"uv": [2.5, 10.5, 2.25, 8.25], "texture": "#3"},
				"down": {"uv": [2.75, 8.25, 2.5, 10.5], "texture": "#3"}
			}
		},
		{
			"from": [4, 2, 12],
			"to": [13, 11, 13],
			"rotation": {"angle": 0, "axis": "y", "origin": [13, 1, 13]},
			"faces": {
				"north": {"uv": [0, 4.5, 2.25, 6.75], "texture": "#3"},
				"east": {"uv": [2.75, 8.25, 3, 10.5], "texture": "#3"},
				"south": {"uv": [2.25, 4.5, 4.5, 6.75], "texture": "#3"},
				"west": {"uv": [3, 8.25, 3.25, 10.5], "texture": "#3"},
				"up": {"uv": [10.75, 0.5, 8.5, 0.25], "texture": "#3"},
				"down": {"uv": [10.75, 0.5, 8.5, 0.75], "texture": "#3"}
			}
		},
		{
			"from": [12, 2, 4],
			"to": [13, 11, 12],
			"rotation": {"angle": 0, "axis": "y", "origin": [12, 1, 13]},
			"faces": {
				"north": {"uv": [8.5, 0.75, 8.75, 3], "texture": "#3"},
				"east": {"uv": [4.5, 4.5, 6.5, 6.75], "texture": "#3"},
				"south": {"uv": [3.25, 8.5, 3.5, 10.75], "texture": "#3"},
				"west": {"uv": [4.75, 0, 6.75, 2.25], "texture": "#3"},
				"up": {"uv": [3.75, 10.5, 3.5, 8.5], "texture": "#3"},
				"down": {"uv": [4, 8.5, 3.75, 10.5], "texture": "#3"}
			}
		},
		{
			"from": [4, 0, 4],
			"to": [12, 2, 12],
			"rotation": {"angle": 0, "axis": "y", "origin": [4, 0, 4]},
			"faces": {
				"north": {"uv": [6.75, 3.25, 8.75, 3.75], "texture": "#3"},
				"east": {"uv": [3.75, 6.75, 5.75, 7.25], "texture": "#3"},
				"south": {"uv": [6.75, 3.75, 8.75, 4.25], "texture": "#3"},
				"west": {"uv": [3.75, 7.25, 5.75, 7.75], "texture": "#3"},
				"up": {"uv": [8.5, 8.25, 6.5, 6.25], "texture": "#3"},
				"down": {"uv": [2, 6.75, 0, 8.75], "texture": "#3"}
			}
		},
		{
			"from": [4, 10, 4],
			"to": [12, 10, 12],
			"rotation": {"angle": 0, "axis": "y", "origin": [8, 8, 4]},
			"faces": {
				"north": {"uv": [0, 0, 2, 0], "texture": "#3"},
				"east": {"uv": [0, 0, 2, 0], "texture": "#3"},
				"south": {"uv": [0, 0, 2, 0], "texture": "#3"},
				"west": {"uv": [0, 0, 2, 0], "texture": "#3"},
				"up": {"uv": [6.75, 4.25, 4.75, 2.25], "texture": "#3"},
				"down": {"uv": [8.5, 4.25, 6.5, 6.25], "texture": "#3"}
			}
		},
		{
			"name": "rightFin",
			"from": [9.11859, 10.83384, 4.09319],
			"to": [11.43859, 10.83384, 6.41319],
			"rotation": {"angle": 0, "axis": "y", "origin": [10.27859, 10.83384, 5.25319]},
			"faces": {
				"north": {"uv": [2, 0, 0, 0], "rotation": 180, "texture": "#1"},
				"east": {"uv": [0, 0, 0, 2], "rotation": 270, "texture": "#1"},
				"south": {"uv": [2, 0, 0, 0], "texture": "#1"},
				"west": {"uv": [0, 0, 0, 2], "rotation": 90, "texture": "#1"},
				"up": {"uv": [8, 5, 10, 7], "rotation": 180, "texture": "#1"},
				"down": {"uv": [10, 5, 8, 7], "texture": "#1"}
			}
		},
		{
			"name": "rightFin",
			"from": [4.51859, 10.83384, 4.09319],
			"to": [6.83859, 10.83384, 6.41319],
			"rotation": {"angle": 0, "axis": "y", "origin": [5.67859, 10.83384, 5.25319]},
			"faces": {
				"north": {"uv": [2, 0, 0, 0], "rotation": 180, "texture": "#1"},
				"east": {"uv": [0, 0, 0, 2], "rotation": 270, "texture": "#1"},
				"south": {"uv": [2, 0, 0, 0], "texture": "#1"},
				"west": {"uv": [0, 0, 0, 2], "rotation": 90, "texture": "#1"},
				"up": {"uv": [10, 5, 8, 7], "rotation": 180, "texture": "#1"},
				"down": {"uv": [8, 5, 10, 7], "texture": "#1"}
			}
		},
		{
			"name": "tailfin",
			"from": [8, 6.94, 10.028],
			"to": [8, 10.42, 14.668],
			"rotation": {"angle": 45, "axis": "x", "origin": [8, 10.42, 9.448]},
			"faces": {
				"north": {"uv": [0, 0, 0, 3], "texture": "#1"},
				"east": {"uv": [0, 7, 4, 10], "texture": "#1"},
				"south": {"uv": [0, 0, 0, 3], "texture": "#1"},
				"west": {"uv": [4, 7, 0, 10], "texture": "#1"},
				"up": {"uv": [0, 4, 0, 0], "texture": "#1"},
				"down": {"uv": [0, 0, 0, 4], "texture": "#1"}
			}
		},
		{
			"name": "body",
			"from": [8, 10.42, 3.06893],
			"to": [8, 15.06, 10.02893],
			"rotation": {"angle": 45, "axis": "x", "origin": [8, 10.42, 9.448]},
			"faces": {
				"north": {"uv": [0, 0, 0, 4], "texture": "#1"},
				"east": {"uv": [0, 0, 6, 4], "texture": "#1"},
				"south": {"uv": [0, 0, 0, 4], "texture": "#1"},
				"west": {"uv": [6, 0, 0, 4], "texture": "#1"},
				"up": {"uv": [0, 6, 0, 0], "texture": "#1"},
				"down": {"uv": [0, 0, 0, 6], "texture": "#1"}
			}
		},
		{
			"name": "body",
			"from": [6.84, 6.94, 3.068],
			"to": [9.16, 10.42, 10.028],
			"rotation": {"angle": 45, "axis": "x", "origin": [8, 10.42, 9.448]},
			"faces": {
				"north": {"uv": [4, 7, 6, 10], "texture": "#1"},
				"east": {"uv": [0, 4, 6, 7], "texture": "#1"},
				"south": {"uv": [8, 0, 10, 3], "texture": "#1"},
				"west": {"uv": [6, 4, 0, 7], "texture": "#1"},
				"up": {"uv": [8, 6, 6, 0], "texture": "#1"},
				"down": {"uv": [8, 6, 6, 12], "texture": "#1"}
			}
		}
	],
	"display": {
		"thirdperson_righthand": {
			"rotation": [68, 0, 0],
			"translation": [-0.05, 0.5, -1.25],
			"scale": [0.47, 0.5, 0.47]
		},
		"thirdperson_lefthand": {
			"rotation": [68, 0, 0],
			"translation": [-0.05, 0.5, -1.25],
			"scale": [0.47, 0.5, 0.47]
		},
		"firstperson_righthand": {
			"rotation": [-168.75, 54.49, 166.68],
			"translation": [1.25, 2.75, 0],
			"scale": [0.5, 0.5, 0.5]
		},
		"firstperson_lefthand": {
			"rotation": [-168.75, 54.49, 166.68],
			"translation": [1.25, 2.75, 0],
			"scale": [0.5, 0.5, 0.5]
		}
	},
	"groups": [
		{
			"name": "body",
			"origin": [0.5, 0, 0],
			"color": 0,
			"children": [
				{
					"name": "leftFin",
					"origin": [-0.5, 0, 1],
					"rotation": [0, 35, 0],
					"color": 0,
					"children": []
				},
				{
					"name": "rightFin",
					"origin": [0.5, 0, 1],
					"rotation": [0, -35, 0],
					"color": 0,
					"children": []
				}
			]
		},
		0,
		1,
		2,
		3,
		4,
		5,
		{
			"name": "fish",
			"origin": [8, 19, 8],
			"color": 0,
			"children": [6, 7, 8, 9, 10]
		}
	]
}