{
	"credit": "Made with Blockbench",
	"textures": {
		"0": "ochki_lowki",
		"particle": "ochki_lowki"
	},
	"elements": [
		{
			"from": [12, 5, 7],
			"to": [12, 7, 11],
			"rotation": {"angle": 0, "axis": "y", "origin": [12, 5, 10]},
			"faces": {
				"north": {"uv": [0, 0, 0, 2], "texture": "#missing"},
				"east": {"uv": [0, 7, 4, 9], "texture": "#0"},
				"south": {"uv": [0, 0, 0, 2], "texture": "#missing"},
				"west": {"uv": [0, 7, 4, 9], "texture": "#0"},
				"up": {"uv": [0, 0, 4, 0], "rotation": 90, "texture": "#missing"},
				"down": {"uv": [0, 0, 4, 0], "rotation": 270, "texture": "#missing"}
			}
		},
		{
			"from": [4, 5, 7],
			"to": [4, 7, 11],
			"rotation": {"angle": 0, "axis": "y", "origin": [4, 5, 10]},
			"faces": {
				"north": {"uv": [0, 0, 0, 2], "texture": "#missing"},
				"east": {"uv": [12, 7, 16, 9], "texture": "#0"},
				"south": {"uv": [0, 0, 0, 2], "texture": "#missing"},
				"west": {"uv": [12, 7, 16, 9], "texture": "#0"},
				"up": {"uv": [0, 0, 4, 0], "rotation": 90, "texture": "#missing"},
				"down": {"uv": [0, 0, 4, 0], "rotation": 270, "texture": "#missing"}
			}
		},
		{
			"from": [4, 5, 7],
			"to": [12, 7, 7],
			"rotation": {"angle": 0, "axis": "y", "origin": [7, 5, 7]},
			"faces": {
				"north": {"uv": [4, 7, 12, 9], "texture": "#0"},
				"east": {"uv": [0, 0, 0, 2], "texture": "#missing"},
				"south": {"uv": [4, 7, 12, 9], "texture": "#0"},
				"west": {"uv": [0, 0, 0, 2], "texture": "#missing"},
				"up": {"uv": [0, 0, 8, 0], "texture": "#missing"},
				"down": {"uv": [0, 0, 8, 0], "texture": "#missing"}
			}
		}
	],
	"display": {
		"thirdperson_righthand": {
			"rotation": [-9.99, 72.52, 13.6],
			"translation": [-1.5, 0.75, -3.5]
		},
		"thirdperson_lefthand": {
			"rotation": [-9.99, 72.52, 13.6],
			"translation": [-1.5, 0.75, -3.5]
		},
		"firstperson_righthand": {
			"rotation": [0, 102, -17],
			"translation": [-1, 5, 0.75]
		},
		"firstperson_lefthand": {
			"rotation": [0, 102, -17],
			"translation": [-1, 5, 0.75]
		},
		"gui": {
			"rotation": [-29, 34, 0],
			"translation": [-0.75, 1.75, 0],
			"scale": [1.51758, 1.51758, 1.51758]
		},
		"head": {
			"translation": [0, 1.25, -5.5],
			"scale": [1.81445, 1.81445, 1.81445]
		},
		"fixed": {
			"rotation": [-90, 0, 0],
			"translation": [0, -2.5, -6.25],
			"scale": [2.07617, 2.07617, 2.07617]
		}
	},
	"groups": [
		{
			"name": "group",
			"origin": [7, 4, 4],
			"color": 0,
			"nbt": "{}",
			"children": [0, 1, 2]
		}
	]
}