{
	"credit": "Made with Blockbench",
	"texture_size": [64, 64],
	"textures": {
		"0": "dana_kupalnic_model",
		"particle": "dana_kupalnic_model"
	},
	"elements": [
		{
			"from": [12, 24.75, 10.9],
			"to": [20, 28.75, 22.9],
			"rotation": {"angle": 0, "axis": "x", "origin": [16, 28.75, 10.9]},
			"faces": {
				"north": {"uv": [7, 4, 9, 5], "rotation": 180, "texture": "#0"},
				"east": {"uv": [4, 5, 5, 8], "rotation": 270, "texture": "#0"},
				"south": {"uv": [5, 5, 7, 4], "texture": "#0"},
				"west": {"uv": [7, 5, 8, 8], "rotation": 90, "texture": "#0"},
				"up": {"uv": [5, 5, 7, 8], "rotation": 180, "texture": "#0"},
				"down": {"uv": [8, 5, 10, 8], "texture": "#0"}
			}
		},
		{
			"from": [4.3, 24.65, 5.05],
			"to": [8.3, 28.65, 17.05],
			"rotation": {"angle": 45, "axis": "y", "origin": [4.3, 28.65, 5.05]},
			"faces": {
				"north": {"uv": [7, 12, 6, 13], "rotation": 180, "texture": "#0"},
				"east": {"uv": [4, 13, 5, 16], "rotation": 270, "texture": "#0"},
				"south": {"uv": [5, 13, 6, 12], "texture": "#0"},
				"west": {"uv": [6, 13, 7, 16], "rotation": 90, "texture": "#0"},
				"up": {"uv": [5, 13, 6, 16], "rotation": 180, "texture": "#0"},
				"down": {"uv": [7, 13, 8, 16], "texture": "#0"}
			}
		},
		{
			"from": [24.6, 24.65, 2.35],
			"to": [28.6, 28.65, 14.35],
			"rotation": {"angle": -45, "axis": "y", "origin": [24.6, 28.65, 2.35]},
			"faces": {
				"north": {"uv": [3, 4, 2, 5], "rotation": 180, "texture": "#0"},
				"east": {"uv": [0, 5, 1, 8], "rotation": 270, "texture": "#0"},
				"south": {"uv": [1, 5, 2, 4], "texture": "#0"},
				"west": {"uv": [2, 5, 3, 8], "rotation": 90, "texture": "#0"},
				"up": {"uv": [1, 5, 2, 8], "rotation": 180, "texture": "#0"},
				"down": {"uv": [3, 5, 4, 8], "texture": "#0"}
			}
		},
		{
			"from": [17.7, 24.65, 15.8],
			"to": [29.7, 28.65, 18.8],
			"rotation": {"angle": 22.5, "axis": "y", "origin": [29.7, 28.65, 15.8]},
			"faces": {
				"north": {"uv": [9, 13, 8, 16], "rotation": 90, "texture": "#0"},
				"east": {"uv": [9.75, 12, 10.5, 13], "rotation": 180, "texture": "#0"},
				"south": {"uv": [10.75, 13, 9.75, 16], "rotation": 270, "texture": "#0"},
				"west": {"uv": [9, 13, 9.75, 12], "texture": "#0"},
				"up": {"uv": [9.75, 13, 9, 16], "rotation": 270, "texture": "#0"},
				"down": {"uv": [11.5, 13, 10.75, 16], "rotation": 270, "texture": "#0"}
			}
		},
		{
			"from": [0.5, 24.65, 15.2],
			"to": [12.5, 28.65, 18.2],
			"rotation": {"angle": -22.5, "axis": "y", "origin": [0.5, 28.65, 19.2]},
			"faces": {
				"north": {"uv": [12.5, 5, 11.75, 8], "rotation": 270, "texture": "#0"},
				"east": {"uv": [11, 5, 11.75, 4], "texture": "#0"},
				"south": {"uv": [10.75, 5, 10, 8], "rotation": 90, "texture": "#0"},
				"west": {"uv": [11.75, 4, 12.5, 5], "rotation": 180, "texture": "#0"},
				"up": {"uv": [11.75, 5, 10.75, 8], "rotation": 90, "texture": "#0"},
				"down": {"uv": [13.5, 5, 12.5, 8], "rotation": 90, "texture": "#0"}
			}
		},
		{
			"from": [12, 22.75, 22.9],
			"to": [20, 30.75, 30.9],
			"rotation": {"angle": 0, "axis": "x", "origin": [16, 28.75, 18.9]},
			"faces": {
				"north": {"uv": [4, 0, 6, 2], "rotation": 180, "texture": "#0"},
				"east": {"uv": [0, 2, 2, 4], "rotation": 270, "texture": "#0"},
				"south": {"uv": [2, 2, 4, 0], "texture": "#0"},
				"west": {"uv": [4, 2, 6, 4], "rotation": 90, "texture": "#0"},
				"up": {"uv": [2, 2, 4, 4], "rotation": 180, "texture": "#0"},
				"down": {"uv": [6, 2, 8, 4], "texture": "#0"}
			}
		},
		{
			"from": [11.75, 24.5, 10.65],
			"to": [20.25, 29, 23.15],
			"rotation": {"angle": 0, "axis": "x", "origin": [16, 28.75, 10.9]},
			"faces": {
				"north": {"uv": [7, 8, 9, 9], "rotation": 180, "texture": "#0"},
				"east": {"uv": [0.25, 9, 1.25, 12], "rotation": 270, "texture": "#0"},
				"south": {"uv": [5, 9, 7, 8], "texture": "#0"},
				"west": {"uv": [3.3, 9, 4.3, 12], "rotation": 90, "texture": "#0"},
				"up": {"uv": [1.3, 9, 3.3, 12], "rotation": 180, "texture": "#0"},
				"down": {"uv": [8, 9, 10, 12], "texture": "#0"}
			}
		},
		{
			"from": [4.05, 24.4, 4.8],
			"to": [8.55, 28.9, 17.3],
			"rotation": {"angle": 45, "axis": "y", "origin": [4.3, 28.65, 5.05]},
			"faces": {
				"north": {"uv": [3, 12, 2, 13], "rotation": 180, "texture": "#0"},
				"east": {"uv": [0, 13, 1, 16], "rotation": 270, "texture": "#0"},
				"south": {"uv": [1, 13, 2, 12], "texture": "#0"},
				"west": {"uv": [2, 13, 3, 16], "rotation": 90, "texture": "#0"},
				"up": {"uv": [1, 13, 2, 16], "rotation": 180, "texture": "#0"},
				"down": {"uv": [3, 13, 4, 16], "texture": "#0"}
			}
		},
		{
			"from": [24.35, 24.4, 2.1],
			"to": [28.85, 28.9, 14.6],
			"rotation": {"angle": -45, "axis": "y", "origin": [24.6, 28.65, 2.35]},
			"faces": {
				"north": {"uv": [3, 8, 2, 9], "rotation": 180, "texture": "#0"},
				"east": {"uv": [0, 9, 1, 12], "rotation": 270, "texture": "#0"},
				"south": {"uv": [1, 9, 2, 8], "texture": "#0"},
				"west": {"uv": [2, 9, 3, 12], "rotation": 90, "texture": "#0"},
				"up": {"uv": [1, 9, 2, 12], "rotation": 180, "texture": "#0"},
				"down": {"uv": [3, 9, 4, 12], "texture": "#0"}
			}
		},
		{
			"from": [17.45, 24.4, 15.55],
			"to": [29.95, 28.9, 19.05],
			"rotation": {"angle": 22.5, "axis": "y", "origin": [29.7, 28.65, 15.8]},
			"faces": {
				"north": {"uv": [12, 13, 13, 16], "rotation": 90, "texture": "#0"},
				"east": {"uv": [13.75, 13, 14.5, 12], "rotation": 180, "texture": "#0"},
				"south": {"uv": [13.75, 13, 14.75, 16], "rotation": 270, "texture": "#0"},
				"west": {"uv": [13, 13, 13.75, 12], "texture": "#0"},
				"up": {"uv": [14.75, 13, 15.5, 16], "rotation": 270, "texture": "#0"},
				"down": {"uv": [13, 13, 13.75, 16], "rotation": 270, "texture": "#0"}
			}
		},
		{
			"from": [0.25, 24.4, 14.95],
			"to": [12.75, 28.9, 18.45],
			"rotation": {"angle": -22.5, "axis": "y", "origin": [0.5, 28.65, 19.2]},
			"faces": {
				"north": {"uv": [11.75, 9, 12.5, 12], "rotation": 270, "texture": "#0"},
				"east": {"uv": [11, 9, 11.75, 8], "texture": "#0"},
				"south": {"uv": [10, 9, 10.75, 12], "rotation": 90, "texture": "#0"},
				"west": {"uv": [11.75, 9, 12.5, 8], "rotation": 180, "texture": "#0"},
				"up": {"uv": [12.5, 9, 13.5, 12], "rotation": 90, "texture": "#0"},
				"down": {"uv": [10.75, 9, 11.75, 12], "rotation": 90, "texture": "#0"}
			}
		},
		{
			"from": [11.75, 22.5, 22.65],
			"to": [20.25, 31, 31.15],
			"rotation": {"angle": 0, "axis": "x", "origin": [16, 28.75, 18.9]},
			"faces": {
				"north": {"uv": [12, 0, 14, 2], "rotation": 180, "texture": "#0"},
				"east": {"uv": [8, 2, 10, 4], "rotation": 270, "texture": "#0"},
				"south": {"uv": [10, 2, 12, 0], "texture": "#0"},
				"west": {"uv": [12, 2, 14, 4], "rotation": 90, "texture": "#0"},
				"up": {"uv": [10, 2, 12, 4], "rotation": 180, "texture": "#0"},
				"down": {"uv": [14, 2, 16, 4], "texture": "#0"}
			}
		},
		{
			"name": "Cиски",
			"from": [12, 27.5, 17.65],
			"to": [20, 30, 21.9],
			"rotation": {"angle": 22.5, "axis": "x", "origin": [14, 30, 19.9]},
			"faces": {
				"north": {"uv": [5, 6.25, 7, 6.5], "rotation": 180, "texture": "#0"},
				"east": {"uv": [4.5, 5.5, 5, 6.5], "rotation": 270, "texture": "#0"},
				"south": {"uv": [5, 5.25, 7, 5.5], "texture": "#0"},
				"west": {"uv": [7, 5.5, 7.5, 6.5], "rotation": 90, "texture": "#0"},
				"up": {"uv": [5, 5.25, 7, 6.25], "rotation": 180, "texture": "#0"},
				"down": {"uv": [5, 5.25, 7, 6.25], "texture": "#0"}
			}
		}
	],
	"gui_light": "front",
	"display": {
		"thirdperson_righthand": {
			"rotation": [-34, 0, 180],
			"translation": [2, 15.5, -11.5]
		},
		"thirdperson_lefthand": {
			"rotation": [-23, 0, 180],
			"translation": [-14, 19, -6]
		},
		"firstperson_righthand": {
			"rotation": [81, 180, 0],
			"translation": [-1.25, -6.25, -18]
		},
		"firstperson_lefthand": {
			"rotation": [81, 180, 0],
			"translation": [-17, -10, -18]
		},
		"ground": {
			"translation": [-8, -20, -9.75]
		},
		"gui": {
			"rotation": [22, 149, 0],
			"translation": [0, -3.5, 0],
			"scale": [0.42, 0.42, 0.42]
		},
		"head": {
			"translation": [-4, -1.75, -4],
			"scale": [0.49219, 0.49219, 0.49219]
		},
		"fixed": {
			"rotation": [-90, 0, 0],
			"translation": [0, 0, -16.5],
			"scale": [2, 2, 2]
		}
	},
	"groups": [
		{
			"name": "Скин 1 слой",
			"origin": [8, 20, 6],
			"color": 0,
			"children": [0, 1, 2, 3, 4, 5]
		},
		{
			"name": "Скин 2 слой",
			"origin": [8, 20, 6],
			"color": 0,
			"children": [6, 7, 8, 9, 10, 11]
		},
		12
	]
}