{
	"credit": "Made with Blockbench",
	"textures": {
		"0": "braslet_dilana",
		"particle": "braslet_dilana"
	},
	"elements": [
		{
			"from": [6, 0, 6],
			"to": [10, 1, 6],
			"rotation": {"angle": 0, "axis": "y", "origin": [7, 0, 6]},
			"faces": {
				"north": {"uv": [0, 8, 16, 12], "texture": "#0"},
				"east": {"uv": [0, 0, 0, 1], "texture": "#missing"},
				"south": {"uv": [0, 4, 16, 8], "texture": "#0"},
				"west": {"uv": [0, 0, 0, 1], "texture": "#missing"},
				"up": {"uv": [0, 0, 4, 0], "texture": "#missing"},
				"down": {"uv": [0, 0, 4, 0], "texture": "#missing"}
			}
		},
		{
			"from": [6, 0, 10],
			"to": [10, 1, 10],
			"rotation": {"angle": 0, "axis": "y", "origin": [7, 0, 10]},
			"faces": {
				"north": {"uv": [0, 4, 16, 8], "texture": "#0"},
				"east": {"uv": [0, 0, 0, 1], "texture": "#missing"},
				"south": {"uv": [0, 8, 16, 12], "texture": "#0"},
				"west": {"uv": [0, 0, 0, 1], "texture": "#missing"},
				"up": {"uv": [0, 0, 4, 0], "texture": "#missing"},
				"down": {"uv": [0, 0, 4, 0], "texture": "#missing"}
			}
		},
		{
			"from": [10, 0, 6],
			"to": [10, 1, 10],
			"rotation": {"angle": 0, "axis": "y", "origin": [10, 0, 7]},
			"faces": {
				"north": {"uv": [0, 0, 0, 2], "texture": "#missing"},
				"east": {"uv": [16, 8, 0, 12], "texture": "#0"},
				"south": {"uv": [0, 0, 0, 2], "texture": "#missing"},
				"west": {"uv": [16, 4, 0, 8], "texture": "#0"},
				"up": {"uv": [0, 0, 4, 0], "rotation": 90, "texture": "#missing"},
				"down": {"uv": [0, 0, 4, 0], "rotation": 270, "texture": "#missing"}
			}
		},
		{
			"from": [6, 0, 6],
			"to": [6, 1, 10],
			"rotation": {"angle": 0, "axis": "y", "origin": [6, 0, 7]},
			"faces": {
				"north": {"uv": [0, 0, 0, 1], "texture": "#missing"},
				"east": {"uv": [16, 4, 0, 8], "texture": "#0"},
				"south": {"uv": [0, 0, 0, 1], "texture": "#missing"},
				"west": {"uv": [16, 8, 0, 12], "texture": "#0"},
				"up": {"uv": [0, 0, 4, 0], "rotation": 90, "texture": "#missing"},
				"down": {"uv": [0, 0, 4, 0], "rotation": 270, "texture": "#missing"}
			}
		}
	],
	"gui_light": "front",
	"display": {
		"thirdperson_righthand": {
			"rotation": [90, 0, 0],
			"translation": [0, -2, 12],
			"scale": [1.14, 1.14, 1.14]
		},
		"thirdperson_lefthand": {
			"rotation": [90, 0, 0],
			"translation": [0, -2, 12],
			"scale": [1.14, 1.14, 1.14]
		},
		"firstperson_righthand": {
			"rotation": [-46, -46, 0],
			"translation": [-1.25, 8.25, -1.25]
		},
		"firstperson_lefthand": {
			"rotation": [-46, -46, 0],
			"translation": [-1.25, 8.25, -1.25]
		},
		"ground": {
			"translation": [0, 6.5, 0],
			"scale": [1.26, 1.26, 1.26]
		},
		"gui": {
			"rotation": [22, 46, 0],
			"translation": [0, 11.75, 0],
			"scale": [1.8, 1.8, 1.8]
		},
		"head": {
			"translation": [0, 27, 0],
			"scale": [3.43, 3.43, 3.43]
		},
		"fixed": {
			"rotation": [-90, 0, 0],
			"translation": [0, 0, -19.75],
			"scale": [2.48, 2.48, 2.48]
		}
	}
}