{
	"credit": "Made with Blockbench",
	"textures": {
		"1": "item/glow_hand",
		"3": "item/enchanted_apple_default"
	},
	"elements": [
		{
			"name": "glow_outline",
			"from": [10.75, 5.25, 10.75],
			"to": [5.25, -0.25, 5.25],
			"light_emission": 10,
			"rotation": {"angle": 0, "axis": "y", "origin": [7.45, -0.25, 5.25]},
			"faces": {
				"north": {"uv": [1, 0, 2, 1], "rotation": 180, "texture": "#1"},
				"east": {"uv": [1, 1, 2, 2], "rotation": 180, "texture": "#1"},
				"south": {"uv": [0, 0, 1, 1], "rotation": 180, "texture": "#1"},
				"west": {"uv": [0, 1, 1, 2], "rotation": 180, "texture": "#1"},
				"up": {"uv": [3, 0, 2, 1], "rotation": 180, "texture": "#1"},
				"down": {"uv": [1, 3, 0, 2], "rotation": 180, "texture": "#1"}
			}
		},
		{
			"from": [6.5, 5, 8],
			"to": [8.5, 7, 8.001],
			"light_emission": 10,
			"rotation": {"angle": 0, "axis": "y", "origin": [6.5, 5, 8]},
			"faces": {
				"north": {"uv": [5, 5, 7, 7], "texture": "#3"},
				"east": {"uv": [9, 7, 9, 9], "texture": "#3"},
				"south": {"uv": [5, 7, 7, 9], "texture": "#3"},
				"west": {"uv": [9, 7, 9, 9], "texture": "#3"},
				"up": {"uv": [11, 7, 9, 7], "texture": "#3"},
				"down": {"uv": [9, 7, 11, 7], "texture": "#3"}
			}
		},
		{
			"from": [5.5, 0, 5.5],
			"to": [10.5, 5, 10.5],
			"light_emission": 10,
			"rotation": {"angle": 0, "axis": "y", "origin": [5.5, 0, 5.5]},
			"faces": {
				"north": {"uv": [0, 0, 5, 5], "texture": "#3"},
				"east": {"uv": [0, 0, 5, 5], "texture": "#3"},
				"south": {"uv": [0, 0, 5, 5], "texture": "#3"},
				"west": {"uv": [0, 0, 5, 5], "texture": "#3"},
				"up": {"uv": [5, 10, 0, 5], "texture": "#3"},
				"down": {"uv": [10, 0, 5, 5], "texture": "#3"}
			}
		}
	],
	"display": {
		"thirdperson_righthand": {
			"rotation": [0, 180, 0],
			"translation": [-1.55, 2.25, 1.75],
			"scale": [0.52, 0.52, 0.52]
		},
		"thirdperson_lefthand": {
			"rotation": [0, 180, 0],
			"translation": [-1.55, 2.25, 1.75],
			"scale": [0.52, 0.52, 0.52]
		},
		"firstperson_righthand": {
			"rotation": [-169.81, 46.3, 175.11],
			"translation": [-0.3, 6.75, 2.5],
			"scale": [0.58, 0.62, 0.58]
		},
		"firstperson_lefthand": {
			"rotation": [-169.81, 46.3, 175.11],
			"translation": [-0.3, 6.75, 2.5],
			"scale": [0.58, 0.62, 0.58]
		}
	}
}