{
	"credit": "Made with Blockbench",
	"textures": {
		"2": "item/bread_hand",
		"particle": "item/bread_hand"
	},
	"elements": [
		{
			"from": [6, 0, 3.5],
			"to": [10, 3, 7.5],
			"rotation": {"angle": 0, "axis": "y", "origin": [8, 1.5, 7.5]},
			"faces": {
				"north": {"uv": [8, 0, 12, 3], "texture": "#2"},
				"east": {"uv": [4, 8, 8, 11], "texture": "#2"},
				"south": {"uv": [8, 3, 12, 6], "texture": "#2"},
				"west": {"uv": [8, 8, 4, 11], "texture": "#2"},
				"up": {"uv": [4, 8, 0, 4], "texture": "#2"},
				"down": {"uv": [8, 4, 4, 8], "texture": "#2"}
			}
		}
	],
	"display": {
		"thirdperson_righthand": {
			"rotation": [85, -21, 23],
			"translation": [-2.5, 0.5, 4.75],
			"scale": [0.64, 0.64, 0.64]
		},
		"thirdperson_lefthand": {
			"rotation": [85, -21, 23],
			"translation": [-2.5, 0.5, 4.75],
			"scale": [0.64, 0.64, 0.64]
		},
		"firstperson_righthand": {
			"rotation": [-77.75, -73.9, -68.84],
			"translation": [1.25, 10, 0.5],
			"scale": [0.78, 0.78, 0.73]
		},
		"firstperson_lefthand": {
			"rotation": [-77.75, -73.9, -68.84],
			"translation": [1.25, 10, 0.5],
			"scale": [0.78, 0.78, 0.73]
		}
	}
}