{
	"credit": "Made with Blockbench",
	"parent": "black_rose",
	"texture_size": [64, 64],
	"textures": {
		"0": "black_rose"
	},
	"elements": [
		{
			"from": [8, 0, 7.5],
			"to": [8, 11, 8.5],
			"faces": {
				"north": {"uv": [0, 0, 0, 2.75], "texture": "#0"},
				"east": {"uv": [1, 5.75, 1.25, 8.5], "texture": "#0"},
				"south": {"uv": [0, 0, 0, 2.75], "texture": "#0"},
				"west": {"uv": [1.25, 5.75, 1, 8.5], "texture": "#0"},
				"up": {"uv": [0, 0.25, 0, 0], "texture": "#0"},
				"down": {"uv": [0, 0, 0, 0.25], "texture": "#0"}
			}
		},
		{
			"from": [4.5, 0, 8],
			"to": [11.5, 11, 8],
			"faces": {
				"north": {"uv": [3.5, 0, 1.75, 2.75], "texture": "#0"},
				"east": {"uv": [0, 0, 0, 2.75], "texture": "#0"},
				"south": {"uv": [1.75, 0, 3.5, 2.75], "texture": "#0"},
				"west": {"uv": [0, 0, 0, 2.75], "texture": "#0"},
				"up": {"uv": [1.75, 0, 0, 0], "texture": "#0"},
				"down": {"uv": [1.75, 0, 0, 0], "texture": "#0"}
			}
		},
		{
			"from": [6, 11, 6],
			"to": [10, 11, 10],
			"faces": {
				"north": {"uv": [0, 0, 1, 0], "texture": "#0"},
				"east": {"uv": [0, 0, 1, 0], "texture": "#0"},
				"south": {"uv": [0, 0, 1, 0], "texture": "#0"},
				"west": {"uv": [0, 0, 1, 0], "texture": "#0"},
				"up": {"uv": [6.5, 1, 5.5, 0], "texture": "#0"},
				"down": {"uv": [6.5, 0, 5.5, 1], "texture": "#0"}
			}
		},
		{
			"from": [7, 11, 8.5],
			"to": [9, 13, 8.5],
			"rotation": {"angle": 22.5, "axis": "x", "origin": [8, 11, 8.5]},
			"faces": {
				"north": {"uv": [5.5, 1, 6, 1.5], "texture": "#0"},
				"east": {"uv": [0, 0, 0, 0.5], "texture": "#0"},
				"south": {"uv": [6, 1, 5.5, 1.5], "texture": "#0"},
				"west": {"uv": [0, 0, 0, 0.5], "texture": "#0"},
				"up": {"uv": [0.5, 0, 0, 0], "texture": "#0"},
				"down": {"uv": [0.5, 0, 0, 0], "texture": "#0"}
			}
		},
		{
			"from": [7, 11, 7.5],
			"to": [9, 13, 7.5],
			"rotation": {"angle": -22.5, "axis": "x", "origin": [8, 11, 7.5]},
			"faces": {
				"north": {"uv": [3, 5.75, 2.5, 6.25], "texture": "#0"},
				"east": {"uv": [0, 0, 0, 0.5], "texture": "#0"},
				"south": {"uv": [5.5, 1, 6, 1.5], "texture": "#0"},
				"west": {"uv": [0, 0, 0, 0.5], "texture": "#0"},
				"up": {"uv": [0.5, 0, 0, 0], "texture": "#0"},
				"down": {"uv": [0.5, 0, 0, 0], "texture": "#0"}
			}
		},
		{
			"from": [8.5, 11, 7],
			"to": [8.5, 13, 9],
			"rotation": {"angle": -22.5, "axis": "z", "origin": [8.5, 11, 8]},
			"faces": {
				"north": {"uv": [0, 0, 0, 0.5], "texture": "#0"},
				"east": {"uv": [6, 1, 5.5, 1.5], "texture": "#0"},
				"south": {"uv": [0, 0, 0, 0.5], "texture": "#0"},
				"west": {"uv": [5.5, 1, 6, 1.5], "texture": "#0"},
				"up": {"uv": [0, 0.5, 0, 0], "texture": "#0"},
				"down": {"uv": [0, 0, 0, 0.5], "texture": "#0"}
			}
		},
		{
			"from": [7.5, 11, 7],
			"to": [7.5, 13, 9],
			"rotation": {"angle": 22.5, "axis": "z", "origin": [7.5, 11, 8]},
			"faces": {
				"north": {"uv": [0, 0, 0, 0.5], "texture": "#0"},
				"east": {"uv": [5.5, 1, 6, 1.5], "texture": "#0"},
				"south": {"uv": [0, 0, 0, 0.5], "texture": "#0"},
				"west": {"uv": [6, 1, 5.5, 1.5], "texture": "#0"},
				"up": {"uv": [0, 0.5, 0, 0], "texture": "#0"},
				"down": {"uv": [0, 0, 0, 0.5], "texture": "#0"}
			}
		},
		{
			"from": [4, 11, 7],
			"to": [12, 17, 7],
			"rotation": {"angle": -22.5, "axis": "x", "origin": [8, 11, 7]},
			"faces": {
				"north": {"uv": [4, 2.75, 2, 4.25], "texture": "#0"},
				"east": {"uv": [0, 0, 0, 1.5], "texture": "#0"},
				"south": {"uv": [2, 2.75, 4, 4.25], "texture": "#0"},
				"west": {"uv": [0, 0, 0, 1.5], "texture": "#0"},
				"up": {"uv": [2, 0, 0, 0], "texture": "#0"},
				"down": {"uv": [2, 0, 0, 0], "texture": "#0"}
			}
		},
		{
			"from": [4, 11, 9],
			"to": [12, 17, 9],
			"rotation": {"angle": 22.5, "axis": "x", "origin": [8, 11, 9]},
			"faces": {
				"north": {"uv": [2, 2.75, 4, 4.25], "texture": "#0"},
				"east": {"uv": [0, 0, 0, 1.5], "texture": "#0"},
				"south": {"uv": [4, 2.75, 2, 4.25], "texture": "#0"},
				"west": {"uv": [0, 0, 0, 1.5], "texture": "#0"},
				"up": {"uv": [2, 0, 0, 0], "texture": "#0"},
				"down": {"uv": [2, 0, 0, 0], "texture": "#0"}
			}
		},
		{
			"from": [9, 11, 4],
			"to": [9, 17, 12],
			"rotation": {"angle": -22.5, "axis": "z", "origin": [9, 11, 8]},
			"faces": {
				"north": {"uv": [0, 0, 0, 1.5], "texture": "#0"},
				"east": {"uv": [4, 2.75, 2, 4.25], "texture": "#0"},
				"south": {"uv": [0, 0, 0, 1.5], "texture": "#0"},
				"west": {"uv": [2, 2.75, 4, 4.25], "texture": "#0"},
				"up": {"uv": [0, 2, 0, 0], "texture": "#0"},
				"down": {"uv": [0, 0, 0, 2], "texture": "#0"}
			}
		},
		{
			"from": [7, 11, 4],
			"to": [7, 17, 12],
			"rotation": {"angle": 22.5, "axis": "z", "origin": [7, 11, 8]},
			"faces": {
				"north": {"uv": [0, 0, 0, 1.5], "texture": "#0"},
				"east": {"uv": [2, 2.75, 4, 4.25], "texture": "#0"},
				"south": {"uv": [0, 0, 0, 1.5], "texture": "#0"},
				"west": {"uv": [4, 2.75, 2, 4.25], "texture": "#0"},
				"up": {"uv": [0, 2, 0, 0], "texture": "#0"},
				"down": {"uv": [0, 0, 0, 2], "texture": "#0"}
			}
		}
	],
	"gui_light": "front",
	"display": {
		"thirdperson_righthand": {
			"rotation": [0, 59, 0],
			"translation": [-0.5, 0, 0.5]
		},
		"thirdperson_lefthand": {
			"rotation": [0, 59, 0],
			"translation": [-0.5, 0, 0.5]
		},
		"firstperson_righthand": {
			"rotation": [0, -56.75, 0],
			"translation": [1.5, 0, 0],
			"scale": [0.77, 0.77, 0.77]
		},
		"firstperson_lefthand": {
			"rotation": [0, -56.75, 0],
			"translation": [1.5, 0, 0],
			"scale": [0.77, 0.77, 0.77]
		},
		"ground": {
			"rotation": [-90, 0, 0],
			"translation": [0, -1, 0],
			"scale": [0.83, 0.83, 0.83]
		},
		"gui": {
			"rotation": [31, 40, 0],
			"translation": [0, -0.75, 0],
			"scale": [0.83, 0.83, 0.83]
		},
		"head": {
			"rotation": [0, -41.25, 0],
			"translation": [0, 14, 0]
		},
		"fixed": {
			"rotation": [-10, 0, 0],
			"translation": [0, 0, -2.5],
			"scale": [1.55, 1.55, 1.55]
		}
	}
}