{
	"credit": "Made with Blockbench",
	"textures": {
		"1": "item/baked_potato_hand"
	},
	"elements": [
		{
			"from": [5.5, 0, 4.5],
			"to": [10.5, 4, 8.5],
			"rotation": {"angle": 0, "axis": "y", "origin": [5.5, 0, 4.5]},
			"faces": {
				"north": {"uv": [10, 0, 15, 4], "texture": "#1"},
				"east": {"uv": [3, 7, 7, 11], "texture": "#1"},
				"south": {"uv": [5, 11, 10, 15], "texture": "#1"},
				"west": {"uv": [7, 7, 11, 11], "texture": "#1"},
				"up": {"uv": [5, 7, 0, 3], "texture": "#1"},
				"down": {"uv": [10, 3, 5, 7], "texture": "#1"}
			}
		},
		{
			"from": [5.9, 2.5, 6.6375],
			"to": [7.9, 4.5, 7.625],
			"rotation": {"angle": -22.5, "axis": "z", "origin": [6.9, 3.5, 8.6375]},
			"faces": {
				"north": {"uv": [4, 11, 2, 13], "rotation": 270, "texture": "#1"},
				"east": {"uv": [2, 11, 4, 11.9875], "rotation": 90, "texture": "#1"},
				"south": {"uv": [2, 11, 4, 13], "rotation": 90, "texture": "#1"},
				"west": {"uv": [2, 12.0125, 4, 13], "rotation": 90, "texture": "#1"},
				"up": {"uv": [1, 11, 1.9875, 13], "rotation": 90, "texture": "#1"},
				"down": {"uv": [3.0125, 11, 4, 13], "rotation": 90, "texture": "#1"}
			}
		},
		{
			"from": [7.9, 2.5, 5.1625],
			"to": [9.9, 4.5, 7.1625],
			"rotation": {"angle": 22.5, "axis": "z", "origin": [8.9, 3.5, 6.1625]},
			"faces": {
				"north": {"uv": [4, 11, 2, 13], "rotation": 270, "texture": "#1"},
				"east": {"uv": [2, 11, 4, 13], "rotation": 90, "texture": "#1"},
				"south": {"uv": [2, 11, 4, 13], "rotation": 90, "texture": "#1"},
				"west": {"uv": [2, 11, 4, 13], "rotation": 90, "texture": "#1"},
				"up": {"uv": [1, 11, 3, 13], "rotation": 90, "texture": "#1"},
				"down": {"uv": [2, 11, 4, 13], "rotation": 90, "texture": "#1"}
			}
		}
	],
	"display": {
		"thirdperson_righthand": {
			"rotation": [90, 0, 0],
			"translation": [-1.75, 0, 5.25],
			"scale": [0.58, 0.61, 0.58]
		},
		"thirdperson_lefthand": {
			"rotation": [90, 0, 0],
			"translation": [-1.75, 0, 5.25],
			"scale": [0.58, 0.61, 0.58]
		},
		"firstperson_righthand": {
			"rotation": [-82.09, -65.08, -72.05],
			"translation": [1.5, 9, 0.75],
			"scale": [0.7, 0.72, 0.6]
		},
		"firstperson_lefthand": {
			"rotation": [-82.09, -65.08, -72.05],
			"translation": [1.5, 9, 0.75],
			"scale": [0.7, 0.72, 0.6]
		}
	}
}