{
	"credit": "Made with Blockbench",
	"textures": {
		"1": "item/potato_hand"
	},
	"elements": [
		{
			"from": [5.5, 0, 4.5],
			"to": [10.5, 4, 11.5],
			"rotation": {"angle": 0, "axis": "y", "origin": [5.5, 0, 4.5]},
			"faces": {
				"north": {"uv": [10, 0, 15, 4], "texture": "#1"},
				"east": {"uv": [0, 7, 7, 11], "texture": "#1"},
				"south": {"uv": [0, 11, 5, 15], "texture": "#1"},
				"west": {"uv": [7, 7, 14, 11], "texture": "#1"},
				"up": {"uv": [5, 7, 0, 0], "texture": "#1"},
				"down": {"uv": [10, 0, 5, 7], "texture": "#1"}
			}
		}
	],
	"display": {
		"thirdperson_righthand": {
			"rotation": [90, 0, 0],
			"translation": [-1.75, 0, 5.25],
			"scale": [0.58, 0.61, 0.58]
		},
		"thirdperson_lefthand": {
			"rotation": [90, 0, 0],
			"translation": [-1.75, 0, 5.25],
			"scale": [0.58, 0.61, 0.58]
		},
		"firstperson_righthand": {
			"rotation": [-180, -1.25, -180],
			"translation": [1.5, 6, -0.5],
			"scale": [0.7, 0.76, 0.6]
		},
		"firstperson_lefthand": {
			"rotation": [-180, -1.25, -180],
			"translation": [1.5, 6, -0.5],
			"scale": [0.7, 0.76, 0.6]
		}
	}
}