{
	"credit": "Made with Blockbench",
	"textures": {
		"0": "milk_shake",
		"particle": "milk_shake"
	},
	"elements": [
		{
			"from": [6, 0, 6],
			"to": [10, 1, 10],
			"rotation": {"angle": 0, "axis": "y", "origin": [7, 0, 7]},
			"faces": {
				"north": {"uv": [6, 11, 10, 12], "texture": "#0"},
				"east": {"uv": [9, 11, 10, 15], "texture": "#0"},
				"south": {"uv": [6, 14, 10, 15], "texture": "#0"},
				"west": {"uv": [6, 15, 7, 11], "texture": "#0"},
				"up": {"uv": [6, 11, 10, 15], "texture": "#0"},
				"down": {"uv": [6, 11, 10, 15], "texture": "#0"}
			}
		},
		{
			"from": [6.1, 10, 6.15],
			"to": [9.85, 11, 9.9],
			"rotation": {"angle": 0, "axis": "y", "origin": [7, 10, 6.9]},
			"faces": {
				"north": {"uv": [1, 6, 5, 7], "texture": "#0"},
				"east": {"uv": [1, 6, 5, 7], "texture": "#0"},
				"south": {"uv": [1, 6, 5, 7], "texture": "#0"},
				"west": {"uv": [1, 6, 5, 7], "texture": "#0"},
				"up": {"uv": [1, 1, 5, 5], "texture": "#0"},
				"down": {"uv": [0, 0, 3.75, 3.75], "texture": "#missing"}
			}
		},
		{
			"from": [6, 3, 6],
			"to": [10, 10, 10],
			"rotation": {"angle": 0, "axis": "y", "origin": [7, 3, 7]},
			"faces": {
				"north": {"uv": [11, 8, 15, 15], "texture": "#0"},
				"east": {"uv": [11, 8, 15, 15], "texture": "#0"},
				"south": {"uv": [11, 8, 15, 15], "texture": "#0"},
				"west": {"uv": [11, 8, 15, 15], "texture": "#0"},
				"up": {"uv": [6, 11, 10, 15], "texture": "#0"},
				"down": {"uv": [6, 11, 10, 15], "texture": "#0"}
			}
		},
		{
			"from": [7.5, 1, 7.5],
			"to": [8.5, 3, 8.5],
			"rotation": {"angle": 0, "axis": "y", "origin": [7.5, 1, 6.5]},
			"faces": {
				"north": {"uv": [9, 8, 10, 10], "texture": "#0"},
				"east": {"uv": [9, 8, 10, 10], "texture": "#0"},
				"south": {"uv": [9, 8, 10, 10], "texture": "#0"},
				"west": {"uv": [9, 8, 10, 10], "texture": "#0"},
				"up": {"uv": [0, 0, 1, 1], "texture": "#missing"},
				"down": {"uv": [0, 0, 1, 1], "texture": "#missing"}
			}
		},
		{
			"from": [6.75, 10.25, 6.5],
			"to": [8.25, 11.75, 8],
			"rotation": {"angle": 22.5, "axis": "z", "origin": [6.5, 9.75, 6.25]},
			"faces": {
				"north": {"uv": [13, 4, 11, 6], "texture": "#0"},
				"east": {"uv": [11, 4, 13, 6], "texture": "#0"},
				"south": {"uv": [8, 4, 10, 6], "texture": "#0"},
				"west": {"uv": [10, 4, 8, 6], "texture": "#0"},
				"up": {"uv": [8, 1, 10, 3], "texture": "#0"},
				"down": {"uv": [0, 0, 1.5, 1.5], "texture": "#missing"}
			}
		},
		{
			"from": [6.25, 11.6, 7.25],
			"to": [7.75, 12.3, 7.25],
			"rotation": {"angle": 22.5, "axis": "z", "origin": [6, 11, 6.25]},
			"faces": {
				"north": {"uv": [6, 4, 6.95, 2], "rotation": 270, "texture": "#0"},
				"east": {"uv": [0, 0, 0, 0.7], "texture": "#missing"},
				"south": {"uv": [6, 2, 6.95, 4], "rotation": 270, "texture": "#0"},
				"west": {"uv": [0, 0, 0, 0.7], "texture": "#missing"},
				"up": {"uv": [0, 0, 1.5, 0], "texture": "#missing"},
				"down": {"uv": [0, 0, 1.5, 0], "texture": "#missing"}
			}
		},
		{
			"from": [8.3, 11.3, 8.8],
			"to": [9.2, 15.1, 8.8],
			"rotation": {"angle": 22.5, "axis": "x", "origin": [7.3, 11.3, 6.8]},
			"faces": {
				"north": {"uv": [14, 1, 14.9, 5.05], "texture": "#0"},
				"east": {"uv": [0, 0, 0, 3.8], "texture": "#missing"},
				"south": {"uv": [14, 1, 14.9, 5.05], "texture": "#0"},
				"west": {"uv": [0, 0, 0, 3.8], "texture": "#missing"},
				"up": {"uv": [0, 0, 0.9, 0], "texture": "#missing"},
				"down": {"uv": [0, 0, 0.9, 0], "texture": "#missing"}
			}
		}
	],
	"display": {
		"thirdperson_righthand": {
			"rotation": [0, 0, 5],
			"translation": [-2.5, 4.25, 1],
			"scale": [0.87, 0.87, 0.87]
		},
		"thirdperson_lefthand": {
			"rotation": [0, 0, 5],
			"translation": [-2.5, 4.25, 1],
			"scale": [0.87, 0.87, 0.87]
		},
		"firstperson_righthand": {
			"rotation": [0, 0, 5],
			"translation": [-0.25, 5.5, 2.5],
			"scale": [0.69, 0.69, 0.69]
		},
		"firstperson_lefthand": {
			"rotation": [0, 0, 5],
			"translation": [-0.25, 5.5, 2.5],
			"scale": [0.69, 0.69, 0.69]
		},
		"ground": {
			"translation": [0, 4, 0]
		},
		"gui": {
			"rotation": [27, 45, 0],
			"translation": [0, 1.5, 0]
		},
		"head": {
			"rotation": [13, 0, 0],
			"translation": [-0.5, -10.75, -10.25],
			"scale": [1.12, 1.12, 1.12]
		},
		"fixed": {
			"rotation": [-90, 0, 0],
			"translation": [0, 0, -15],
			"scale": [1.86, 1.86, 1.86]
		}
	}
}