{
	"credit": "Made with Blockbench",
	"parent": "travelers_sword_2",
	"texture_size": [32, 32],
	"textures": {
		"1": "./travelers_sword",
		"particle": "./travelers_sword"
	},
	"elements": [
		{
			"from": [6.4, -2.1, 6.9],
			"to": [9.6, 1.1, 9.1],
			"rotation": {"angle": 45, "axis": "z", "origin": [8, -0.5, 8]},
			"faces": {
				"north": {"uv": [9, 5, 10.5, 6.5], "texture": "#1"},
				"east": {"uv": [9, 8, 10, 9.5], "texture": "#1"},
				"south": {"uv": [9, 6.5, 10.5, 8], "texture": "#1"},
				"west": {"uv": [9, 9.5, 10, 11], "texture": "#1"},
				"up": {"uv": [11.5, 9, 10, 8], "texture": "#1"},
				"down": {"uv": [11.5, 9, 10, 10], "texture": "#1"}
			}
		},
		{
			"from": [7, 0, 7],
			"to": [9, 15, 9],
			"rotation": {"angle": 0, "axis": "y", "origin": [0, -2, 0]},
			"faces": {
				"north": {"uv": [7, 0, 8, 7.5], "texture": "#1"},
				"east": {"uv": [7, 7.5, 8, 15], "texture": "#1"},
				"south": {"uv": [8, 0, 9, 7.5], "texture": "#1"},
				"west": {"uv": [8, 7.5, 9, 15], "texture": "#1"},
				"up": {"uv": [11.5, 7.5, 10.5, 6.5], "texture": "#1"},
				"down": {"uv": [10, 11, 9, 12], "texture": "#missing"}
			}
		},
		{
			"from": [6.99, 5.99, 6.99],
			"to": [12.01, 9.01, 9.01],
			"rotation": {"angle": -45, "axis": "z", "origin": [8.5, 7.5, 8]},
			"faces": {
				"north": {"uv": [9, 0, 11.5, 1.5], "texture": "#1"},
				"east": {"uv": [10, 10, 11, 11.5], "texture": "#1"},
				"south": {"uv": [9, 1.5, 11.5, 3], "texture": "#1"},
				"west": {"uv": [10.5, 5, 11.5, 6.5], "texture": "#1"},
				"up": {"uv": [11.5, 4, 9, 3], "texture": "#1"},
				"down": {"uv": [11.5, 4, 9, 5], "texture": "#1"}
			}
		},
		{
			"from": [11.99, 6.99, 7.99],
			"to": [14.01, 9.01, 8.01],
			"rotation": {"angle": -45, "axis": "z", "origin": [8.5, 7.5, 8]},
			"faces": {
				"north": {"uv": [11, 10, 12, 11], "texture": "#1"},
				"east": {"uv": [0, 0, 0, 1], "texture": "#missing"},
				"south": {"uv": [12, 10, 11, 11], "texture": "#1"},
				"west": {"uv": [0, 0, 0, 1], "texture": "#missing"},
				"up": {"uv": [1, 0, 0, 0], "texture": "#missing"},
				"down": {"uv": [1, 0, 0, 0], "texture": "#missing"}
			}
		},
		{
			"from": [4, 6, 8],
			"to": [12, 31, 8],
			"rotation": {"angle": 0, "axis": "y", "origin": [0, -2, 0]},
			"faces": {
				"north": {"uv": [0, 0, 4, 12.5], "texture": "#1"},
				"east": {"uv": [0, 0, 0, 12.5], "texture": "#missing"},
				"south": {"uv": [4, 0, 0, 12.5], "texture": "#1"},
				"west": {"uv": [0, 0, 0, 12.5], "texture": "#missing"},
				"up": {"uv": [3.5, 0, 0, 0], "texture": "#missing"},
				"down": {"uv": [3.5, 0, 0, 0], "texture": "#missing"}
			}
		}
	],
	"gui_light": "front",
	"display": {
		"thirdperson_righthand": {
			"rotation": [0, 90, 0],
			"translation": [0, 2.75, 0.75]
		},
		"thirdperson_lefthand": {
			"rotation": [0, -90, -180],
			"translation": [0, -6.5, -0.5]
		},
		"firstperson_righthand": {
			"rotation": [4, 86.25, 0],
			"translation": [0, 1, 0]
		},
		"firstperson_lefthand": {
			"rotation": [4, 86.25, 0],
			"translation": [0, 1, 0]
		},
		"ground": {
			"rotation": [89, 0, 0],
			"translation": [0, -2.5, -5.5]
		},
		"gui": {
			"rotation": [-178.86, -0.17, -138.75],
			"translation": [-2.75, -2.75, 0],
			"scale": [0.6, 0.6, 0.6]
		},
		"head": {
			"rotation": [-50, 90, 0],
			"translation": [0, 4.75, -4.5]
		},
		"fixed": {
			"rotation": [0, 0, 180],
			"translation": [0, -10.25, -0.25],
			"scale": [2, 2, 2]
		}
	}
}