{
	"credit": "Made with Blockbench",
	"parent": "klik_ronosa",
	"texture_size": [64, 64],
	"textures": {
		"0": "klik_ronosa"
	},
	"elements": [
		{
			"from": [7, -1, 7],
			"to": [9, 1, 10],
			"faces": {
				"north": {"uv": [8.5, 8.25, 9, 8.75], "texture": "#0"},
				"east": {"uv": [8, 4.5, 8.75, 5], "texture": "#0"},
				"south": {"uv": [8.75, 0.5, 9.25, 1], "texture": "#0"},
				"west": {"uv": [8, 5, 8.75, 5.5], "texture": "#0"},
				"up": {"uv": [8.5, 6.25, 8, 5.5], "texture": "#0"},
				"down": {"uv": [8.5, 6.25, 8, 7], "texture": "#0"}
			}
		},
		{
			"from": [7, 1, 7],
			"to": [9, 6, 9],
			"faces": {
				"north": {"uv": [7.5, 3.5, 8, 4.75], "texture": "#0"},
				"east": {"uv": [7.5, 4.75, 8, 6], "texture": "#0"},
				"south": {"uv": [7.5, 6, 8, 7.25], "texture": "#0"},
				"west": {"uv": [7.5, 7.25, 8, 8.5], "texture": "#0"},
				"up": {"uv": [9.25, 1.5, 8.75, 1], "texture": "#0"},
				"down": {"uv": [1.75, 8.75, 1.25, 9.25], "texture": "#0"}
			}
		},
		{
			"from": [7, 6, 6],
			"to": [9, 8, 9],
			"faces": {
				"north": {"uv": [8.75, 1.5, 9.25, 2], "texture": "#0"},
				"east": {"uv": [8, 7, 8.75, 7.5], "texture": "#0"},
				"south": {"uv": [1.75, 8.75, 2.25, 9.25], "texture": "#0"},
				"west": {"uv": [8, 7.5, 8.75, 8], "texture": "#0"},
				"up": {"uv": [8.5, 8.75, 8, 8], "texture": "#0"},
				"down": {"uv": [0.5, 8.5, 0, 9.25], "texture": "#0"}
			}
		},
		{
			"from": [7, 7, 5],
			"to": [9, 8, 6],
			"faces": {
				"north": {"uv": [9, 7.5, 9.5, 7.75], "texture": "#0"},
				"east": {"uv": [9.25, 0.5, 9.5, 0.75], "texture": "#0"},
				"south": {"uv": [9, 7.75, 9.5, 8], "texture": "#0"},
				"west": {"uv": [9.25, 0.75, 9.5, 1], "texture": "#0"},
				"up": {"uv": [9.5, 8.5, 9, 8.25], "texture": "#0"},
				"down": {"uv": [9, 9, 8.5, 9.25], "texture": "#0"}
			}
		},
		{
			"from": [7.5, 7, 3],
			"to": [8.5, 8, 4],
			"faces": {
				"north": {"uv": [9.25, 1, 9.5, 1.25], "texture": "#0"},
				"east": {"uv": [1.25, 9.25, 1.5, 9.5], "texture": "#0"},
				"south": {"uv": [9.25, 1.25, 9.5, 1.5], "texture": "#0"},
				"west": {"uv": [1.5, 9.25, 1.75, 9.5], "texture": "#0"},
				"up": {"uv": [9.5, 1.75, 9.25, 1.5], "texture": "#0"},
				"down": {"uv": [2, 9.25, 1.75, 9.5], "texture": "#0"}
			}
		},
		{
			"from": [7.5, 8, 3],
			"to": [8.5, 11, 8],
			"faces": {
				"north": {"uv": [4.5, 9, 4.75, 9.75], "texture": "#0"},
				"east": {"uv": [7.5, 2, 8.75, 2.75], "texture": "#0"},
				"south": {"uv": [4.75, 9, 5, 9.75], "texture": "#0"},
				"west": {"uv": [7.5, 2.75, 8.75, 3.5], "texture": "#0"},
				"up": {"uv": [1, 9.75, 0.75, 8.5], "texture": "#0"},
				"down": {"uv": [1.25, 8.5, 1, 9.75], "texture": "#0"}
			}
		},
		{
			"from": [7.5, 11, 4],
			"to": [8.5, 12, 10],
			"faces": {
				"north": {"uv": [9.25, 1.75, 9.5, 2], "texture": "#0"},
				"east": {"uv": [8.5, 0, 10, 0.25], "texture": "#0"},
				"south": {"uv": [2, 9.25, 2.25, 9.5], "texture": "#0"},
				"west": {"uv": [8.5, 0.25, 10, 0.5], "texture": "#0"},
				"up": {"uv": [0.75, 10, 0.5, 8.5], "texture": "#0"},
				"down": {"uv": [8.75, 0.5, 8.5, 2], "texture": "#0"}
			}
		},
		{
			"from": [7.5, 13, 4],
			"to": [8.5, 14, 7],
			"faces": {
				"north": {"uv": [9.25, 2.5, 9.5, 2.75], "texture": "#0"},
				"east": {"uv": [9, 4.75, 9.75, 5], "texture": "#0"},
				"south": {"uv": [9.25, 2.75, 9.5, 3], "texture": "#0"},
				"west": {"uv": [5, 9, 5.75, 9.25], "texture": "#0"},
				"up": {"uv": [9.25, 5.75, 9, 5], "texture": "#0"},
				"down": {"uv": [6, 9, 5.75, 9.75], "texture": "#0"}
			}
		},
		{
			"from": [7.5, 15, 4],
			"to": [8.5, 16, 7],
			"faces": {
				"north": {"uv": [9.25, 4, 9.5, 4.25], "texture": "#0"},
				"east": {"uv": [9, 7, 9.75, 7.25], "texture": "#0"},
				"south": {"uv": [9.25, 4.25, 9.5, 4.5], "texture": "#0"},
				"west": {"uv": [9, 7.25, 9.75, 7.5], "texture": "#0"},
				"up": {"uv": [6.25, 9.75, 6, 9], "texture": "#0"},
				"down": {"uv": [8.5, 9, 8.25, 9.75], "texture": "#0"}
			}
		},
		{
			"from": [7.5, 12, 3],
			"to": [8.5, 13, 8],
			"faces": {
				"north": {"uv": [9.25, 2, 9.5, 2.25], "texture": "#0"},
				"east": {"uv": [1.25, 8.5, 2.5, 8.75], "texture": "#0"},
				"south": {"uv": [9.25, 2.25, 9.5, 2.5], "texture": "#0"},
				"west": {"uv": [2.5, 8.5, 3.75, 8.75], "texture": "#0"},
				"up": {"uv": [4, 9.75, 3.75, 8.5], "texture": "#0"},
				"down": {"uv": [4.25, 8.5, 4, 9.75], "texture": "#0"}
			}
		},
		{
			"from": [7.5, 20, 2],
			"to": [8.5, 21, 7],
			"faces": {
				"north": {"uv": [9.25, 3.5, 9.5, 3.75], "texture": "#0"},
				"east": {"uv": [4.25, 8.5, 5.5, 8.75], "texture": "#0"},
				"south": {"uv": [9.25, 3.75, 9.5, 4], "texture": "#0"},
				"west": {"uv": [5.5, 8.5, 6.75, 8.75], "texture": "#0"},
				"up": {"uv": [8.75, 6.75, 8.5, 5.5], "texture": "#0"},
				"down": {"uv": [7, 8.5, 6.75, 9.75], "texture": "#0"}
			}
		},
		{
			"from": [7.5, 21, 3],
			"to": [8.5, 23, 8],
			"faces": {
				"north": {"uv": [9, 9, 9.25, 9.5], "texture": "#0"},
				"east": {"uv": [8, 3.5, 9.25, 4], "texture": "#0"},
				"south": {"uv": [0, 9.25, 0.25, 9.75], "texture": "#0"},
				"west": {"uv": [8, 4, 9.25, 4.5], "texture": "#0"},
				"up": {"uv": [7.25, 9.75, 7, 8.5], "texture": "#0"},
				"down": {"uv": [7.5, 8.5, 7.25, 9.75], "texture": "#0"}
			}
		},
		{
			"from": [7.5, 23, 4],
			"to": [8.5, 24, 8],
			"faces": {
				"north": {"uv": [5.25, 9.25, 5.5, 9.5], "texture": "#0"},
				"east": {"uv": [4.25, 8.75, 5.25, 9], "texture": "#0"},
				"south": {"uv": [9.25, 5.25, 9.5, 5.5], "texture": "#0"},
				"west": {"uv": [8.75, 4.5, 9.75, 4.75], "texture": "#0"},
				"up": {"uv": [3.75, 9.75, 3.5, 8.75], "texture": "#0"},
				"down": {"uv": [9, 4.75, 8.75, 5.75], "texture": "#0"}
			}
		},
		{
			"from": [7.5, 24, 5],
			"to": [8.5, 25, 9],
			"faces": {
				"north": {"uv": [9, 8.5, 9.25, 8.75], "texture": "#0"},
				"east": {"uv": [8.5, 6.75, 9.5, 7], "texture": "#0"},
				"south": {"uv": [0.25, 9.25, 0.5, 9.5], "texture": "#0"},
				"west": {"uv": [8.5, 8, 9.5, 8.25], "texture": "#0"},
				"up": {"uv": [7.75, 9.5, 7.5, 8.5], "texture": "#0"},
				"down": {"uv": [8, 8.5, 7.75, 9.5], "texture": "#0"}
			}
		},
		{
			"from": [7.5, 25, 6],
			"to": [8.5, 26, 10],
			"faces": {
				"north": {"uv": [5.5, 9.25, 5.75, 9.5], "texture": "#0"},
				"east": {"uv": [5.25, 8.75, 6.25, 9], "texture": "#0"},
				"south": {"uv": [9.25, 5.5, 9.5, 5.75], "texture": "#0"},
				"west": {"uv": [8.75, 5.75, 9.75, 6], "texture": "#0"},
				"up": {"uv": [6.5, 9.75, 6.25, 8.75], "texture": "#0"},
				"down": {"uv": [6.75, 8.75, 6.5, 9.75], "texture": "#0"}
			}
		},
		{
			"from": [7.5, 26, 7],
			"to": [8.5, 27, 11],
			"faces": {
				"north": {"uv": [8.75, 9.25, 9, 9.5], "texture": "#0"},
				"east": {"uv": [8.75, 6.5, 9.75, 6.75], "texture": "#0"},
				"south": {"uv": [9.25, 8.75, 9.5, 9], "texture": "#0"},
				"west": {"uv": [8.25, 8.75, 9.25, 9], "texture": "#0"},
				"up": {"uv": [9.25, 3, 9, 2], "texture": "#0"},
				"down": {"uv": [4.5, 9, 4.25, 10], "texture": "#0"}
			}
		},
		{
			"from": [7.5, 27, 8],
			"to": [8.5, 28, 12],
			"faces": {
				"north": {"uv": [8.5, 9.25, 8.75, 9.5], "texture": "#0"},
				"east": {"uv": [8.75, 6, 9.75, 6.25], "texture": "#0"},
				"south": {"uv": [9.25, 8.5, 9.5, 8.75], "texture": "#0"},
				"west": {"uv": [8.75, 6.25, 9.75, 6.5], "texture": "#0"},
				"up": {"uv": [9, 8, 8.75, 7], "texture": "#0"},
				"down": {"uv": [8.25, 8.75, 8, 9.75], "texture": "#0"}
			}
		},
		{
			"from": [7.5, 14, 3],
			"to": [8.5, 15, 7],
			"faces": {
				"north": {"uv": [5, 9.25, 5.25, 9.5], "texture": "#0"},
				"east": {"uv": [8.75, 3, 9.75, 3.25], "texture": "#0"},
				"south": {"uv": [9.25, 5, 9.5, 5.25], "texture": "#0"},
				"west": {"uv": [8.75, 3.25, 9.75, 3.5], "texture": "#0"},
				"up": {"uv": [3.25, 9.75, 3, 8.75], "texture": "#0"},
				"down": {"uv": [3.5, 8.75, 3.25, 9.75], "texture": "#0"}
			}
		},
		{
			"from": [7.5, 16, 3],
			"to": [8.5, 20, 7],
			"faces": {
				"north": {"uv": [8.75, 2, 9, 3], "texture": "#0"},
				"east": {"uv": [7.5, 0, 8.5, 1], "texture": "#0"},
				"south": {"uv": [2.25, 8.75, 2.5, 9.75], "texture": "#0"},
				"west": {"uv": [7.5, 1, 8.5, 2], "texture": "#0"},
				"up": {"uv": [2.75, 9.75, 2.5, 8.75], "texture": "#0"},
				"down": {"uv": [3, 8.75, 2.75, 9.75], "texture": "#0"}
			}
		},
		{
			"from": [8, -5, 0],
			"to": [8, 29, 15],
			"faces": {
				"north": {"uv": [0, 0, 0, 8.5], "texture": "#0"},
				"east": {"uv": [7.5, 0, 3.75, 8.5], "texture": "#0"},
				"south": {"uv": [0, 0, 0, 8.5], "texture": "#0"},
				"west": {"uv": [3.75, 0, 7.5, 8.5], "texture": "#0"},
				"up": {"uv": [0, 3.75, 0, 0], "texture": "#0"},
				"down": {"uv": [0, 0, 0, 3.75], "texture": "#0"}
			}
		}
	],
	"gui_light": "front",
	"display": {
		"thirdperson_righthand": {
			"translation": [0, 3, 0.75]
		},
		"thirdperson_lefthand": {
			"translation": [0, 3, 0.75]
		},
		"firstperson_righthand": {
			"rotation": [4, 0, 7.5],
			"translation": [0.5, 1.25, 0]
		},
		"firstperson_lefthand": {
			"rotation": [4, 0, 7.5],
			"translation": [3.25, 1.25, 0]
		},
		"ground": {
			"rotation": [-90, -90, 0],
			"translation": [0, -2.75, 0]
		},
		"gui": {
			"rotation": [-90, 49.75, 90],
			"translation": [1, -3, 0],
			"scale": [0.53, 0.53, 0.53]
		},
		"head": {
			"rotation": [-33, 0, 0],
			"translation": [0, 8.5, -7]
		},
		"fixed": {
			"rotation": [0, 90, 0],
			"translation": [0.5, -4.25, -1],
			"scale": [2.1, 2.1, 2.1]
		}
	}
}