{
	"credit": "Made with Blockbench",
	"texture_size": [8, 8],
	"textures": {
		"1": "block/cerdce",
		"particle": "block/cerdce"
	},
	"elements": [
		{
			"from": [6, 18, 5.9],
			"to": [10, 22, 6],
			"rotation": {"angle": 0, "axis": "y", "origin": [7, 19, 4]},
			"faces": {
				"north": {"uv": [0, 0, 8, 8], "texture": "#1"},
				"east": {"uv": [0, 0, 0, 8], "texture": "#1"},
				"south": {"uv": [8, 0, 16, 8], "texture": "#1"},
				"west": {"uv": [8, 0, 8, 8], "texture": "#1"},
				"up": {"uv": [8, 0, 0, 0], "texture": "#1"},
				"down": {"uv": [16, 0, 8, 0], "texture": "#1"}
			}
		},
		{
			"from": [7, 19, 5.7],
			"to": [9, 21, 5.9],
			"rotation": {"angle": 0, "axis": "y", "origin": [7, 19, 3.9]},
			"faces": {
				"north": {"uv": [0, 8, 4, 12], "texture": "#1"},
				"east": {"uv": [0, 8, 0, 12], "texture": "#1"},
				"south": {"uv": [4, 8, 8, 12], "texture": "#1"},
				"west": {"uv": [4, 8, 4, 12], "texture": "#1"},
				"up": {"uv": [4, 8, 0, 8], "texture": "#1"},
				"down": {"uv": [8, 8, 4, 8], "texture": "#1"}
			}
		}
	],
	"display": {
		"thirdperson_righthand": {
			"rotation": [66, 0, -5],
			"translation": [-6.75, -7.75, -3]
		},
		"thirdperson_lefthand": {
			"translation": [0, -14, 1.75]
		},
		"firstperson_righthand": {
			"rotation": [0, 114, 4],
			"translation": [-3, -4.5, 0]
		},
		"firstperson_lefthand": {
			"rotation": [0, 105, 0],
			"translation": [0, -5.5, 0]
		},
		"ground": {
			"rotation": [90, 0, 0],
			"translation": [0, -3.75, -13]
		},
		"gui": {
			"rotation": [0, 180, 0],
			"translation": [0, -29, 0],
			"scale": [2.5, 2.5, 2.5]
		},
		"head": {
			"translation": [0.5, -24.25, -1.25]
		},
		"fixed": {
			"translation": [0, -34.75, 0],
			"scale": [2.86, 2.86, 2.86]
		}
	},
	"groups": [
		{
			"name": "Head",
			"origin": [8, 24, 8],
			"color": 0,
			"children": []
		},
		{
			"name": "Body",
			"origin": [8, 24, 8],
			"color": 0,
			"children": [0, 1]
		},
		{
			"name": "RightArm",
			"origin": [13, 22, 8],
			"color": 0,
			"children": []
		},
		{
			"name": "LeftArm",
			"origin": [3, 22, 8],
			"color": 0,
			"children": []
		},
		{
			"name": "RightLeg",
			"origin": [9.9, 12, 8],
			"color": 0,
			"children": []
		},
		{
			"name": "LeftLeg",
			"origin": [6.1, 12, 8],
			"color": 0,
			"children": []
		}
	]
}