{
	"credit": "Made with Blockbench",
	"textures": {
		"1": "item/beetroot_hand",
		"particle": "item/beetroot_hand"
	},
	"elements": [
		{
			"from": [5.5, 4, 5.5],
			"to": [10.5, 9, 10.5],
			"rotation": {"angle": 0, "axis": "y", "origin": [5.5, 5, 5.5]},
			"faces": {
				"north": {"uv": [0, 0, 5, 5], "texture": "#1"},
				"east": {"uv": [0, 0, 5, 5], "texture": "#1"},
				"south": {"uv": [0, 0, 5, 5], "texture": "#1"},
				"west": {"uv": [0, 0, 5, 5], "texture": "#1"},
				"up": {"uv": [5, 10, 0, 5], "texture": "#1"},
				"down": {"uv": [10, 0, 5, 5], "texture": "#1"}
			}
		},
		{
			"from": [7, 2, 8],
			"to": [9, 4, 8],
			"rotation": {"angle": 0, "axis": "y", "origin": [7, 2, 8]},
			"faces": {
				"north": {"uv": [3, 10, 5, 12], "texture": "#1"},
				"east": {"uv": [0, 0, 0, 2], "texture": "#1"},
				"south": {"uv": [5, 10, 3, 12], "texture": "#1"},
				"west": {"uv": [0, 0, 0, 2], "texture": "#1"},
				"up": {"uv": [2, 0, 0, 0], "texture": "#1"},
				"down": {"uv": [0, 0, 2, 0], "texture": "#1"}
			}
		},
		{
			"from": [6.41, 8.12698, 8.06625],
			"to": [9.59, 13.42698, 8.06625],
			"rotation": {"angle": 22.5, "axis": "z", "origin": [6.41, 8.12698, 5.94625]},
			"faces": {
				"north": {"uv": [5, 5, 8, 10], "texture": "#1"},
				"east": {"uv": [0, 0, 0, 3], "texture": "#1"},
				"south": {"uv": [8, 5, 5, 10], "texture": "#1"},
				"west": {"uv": [0, 0, 0, 3], "texture": "#1"},
				"up": {"uv": [3, 0, 0, 0], "texture": "#1"},
				"down": {"uv": [3, 0, 0, 0], "texture": "#1"}
			}
		},
		{
			"from": [6.41, 8.12698, 7.93375],
			"to": [9.59, 13.42698, 7.93375],
			"rotation": {"angle": -22.5, "axis": "z", "origin": [9.59, 8.12698, 5.81375]},
			"faces": {
				"north": {"uv": [11, 5, 8, 10], "texture": "#1"},
				"east": {"uv": [0, 0, 0, 3], "texture": "#1"},
				"south": {"uv": [8, 5, 11, 10], "texture": "#1"},
				"west": {"uv": [0, 0, 0, 3], "texture": "#1"},
				"up": {"uv": [0, 0, 3, 0], "texture": "#1"},
				"down": {"uv": [0, 0, 3, 0], "texture": "#1"}
			}
		}
	],
	"display": {
		"thirdperson_righthand": {
			"translation": [-1.5, 0, 1.75],
			"scale": [0.58, 0.58, 0.58]
		},
		"thirdperson_lefthand": {
			"translation": [-1.5, 0, 1.75],
			"scale": [0.58, 0.58, 0.58]
		},
		"firstperson_righthand": {
			"rotation": [-11.95, -22.29, -8.38],
			"translation": [2, 3.25, 0],
			"scale": [0.63, 0.63, 0.63]
		},
		"firstperson_lefthand": {
			"rotation": [-11.95, -22.29, -8.38],
			"translation": [2, 3.25, 0],
			"scale": [0.63, 0.63, 0.63]
		}
	}
}