{
	"credit": "Made with Blockbench",
	"textures": {
		"1": "item/cookie_hand"
	},
	"elements": [
		{
			"from": [4.5, 0, 4.5],
			"to": [11.5, 2, 11.5],
			"rotation": {"angle": 0, "axis": "y", "origin": [4.5, 0, 4.5]},
			"faces": {
				"north": {"uv": [7, 0, 14, 2], "texture": "#1"},
				"east": {"uv": [7, 2, 14, 4], "texture": "#1"},
				"south": {"uv": [7, 4, 14, 6], "texture": "#1"},
				"west": {"uv": [7, 6, 14, 8], "texture": "#1"},
				"up": {"uv": [7, 7, 0, 0], "texture": "#1"},
				"down": {"uv": [7, 7, 0, 14], "texture": "#1"}
			}
		}
	],
	"display": {
		"thirdperson_righthand": {
			"rotation": [91, 0, 0],
			"translation": [-1.75, 0.25, 4.5],
			"scale": [0.51, 0.53, 0.51]
		},
		"thirdperson_lefthand": {
			"rotation": [91, 0, 0],
			"translation": [-1.75, 0.25, 4.5],
			"scale": [0.51, 0.53, 0.51]
		},
		"firstperson_righthand": {
			"rotation": [2.25, 0.17, 1.49],
			"translation": [0.75, 6.25, 0.25],
			"scale": [0.58, 0.65, 0.58]
		},
		"firstperson_lefthand": {
			"rotation": [2.25, 0.17, 1.49],
			"translation": [0.75, 6.25, 0.25],
			"scale": [0.58, 0.65, 0.58]
		}
	}
}