{
	"credit": "Made with Blockbench",
	"textures": {
		"2": "item/spider_eye_hand",
		"particle": "item/spider_eye_hand"
	},
	"elements": [
		{
			"from": [7, 4, 8],
			"to": [9, 6, 9],
			"rotation": {"angle": 0, "axis": "y", "origin": [7.75, 3.25, 8]},
			"faces": {
				"north": {"uv": [9, 1, 11, 3], "texture": "#2"},
				"east": {"uv": [9, 1, 10, 3], "texture": "#2"},
				"south": {"uv": [5, 1, 7, 3], "texture": "#2"},
				"west": {"uv": [10, 1, 11, 3], "texture": "#2"},
				"up": {"uv": [11, 2, 9, 1], "texture": "#2"},
				"down": {"uv": [11, 2, 9, 3], "texture": "#2"}
			}
		},
		{
			"from": [8, 0, 7],
			"to": [8, 5, 11],
			"rotation": {"angle": 0, "axis": "y", "origin": [8.25, 3.25, 9]},
			"faces": {
				"north": {"uv": [0, 0, 0, 5], "texture": "#2"},
				"east": {"uv": [0, 0, 4, 5], "texture": "#2"},
				"south": {"uv": [0, 0, 0, 5], "texture": "#2"},
				"west": {"uv": [4, 0, 0, 5], "texture": "#2"},
				"up": {"uv": [0, 5, 0, 0], "texture": "#2"},
				"down": {"uv": [0, 0, 0, 5], "texture": "#2"}
			}
		}
	],
	"display": {
		"thirdperson_righthand": {
			"rotation": [70, 180, 0],
			"translation": [-0.25, 1.25, 1.5],
			"scale": [0.59, 0.59, 0.59]
		},
		"thirdperson_lefthand": {
			"rotation": [70, 180, 0],
			"translation": [-0.25, 1.25, 1.5],
			"scale": [0.59, 0.59, 0.59]
		},
		"firstperson_righthand": {
			"rotation": [12, 37.24, -32.47],
			"translation": [1.5, 6.5, 1.5],
			"scale": [0.88, 0.88, 0.88]
		},
		"firstperson_lefthand": {
			"rotation": [153.35, 26.96, -147.36],
			"translation": [1.5, 6.25, 0.75],
			"scale": [0.88, 0.88, 0.88]
		}
	}
}