{
	"credit": "Made with Blockbench",
	"texture_size": [64, 64],
	"textures": {
		"0": "./krasavitsa_model",
		"particle": "./krasavitsa_model"
	},
	"elements": [
		{
			"from": [4, 11.75, 6],
			"to": [12, 23.75, 10],
			"rotation": {"angle": 0, "axis": "y", "origin": [8, 11.75, 6]},
			"faces": {
				"north": {"uv": [5, 5, 7, 8], "texture": "#0"},
				"east": {"uv": [4, 9, 5, 12], "texture": "#0"},
				"south": {"uv": [8, 5, 10, 8], "texture": "#0"},
				"west": {"uv": [7, 5, 8, 8], "texture": "#0"},
				"up": {"uv": [5, 5, 7, 4], "texture": "#0"},
				"down": {"uv": [7, 4, 9, 5], "texture": "#0"}
			}
		},
		{
			"from": [4, -0.25, 6],
			"to": [8, 11.75, 10],
			"rotation": {"angle": 0, "axis": "y", "origin": [4, -0.25, 6]},
			"faces": {
				"north": {"uv": [5, 13, 6, 16], "texture": "#0"},
				"east": {"uv": [4, 13, 5, 16], "texture": "#0"},
				"south": {"uv": [7, 13, 8, 16], "texture": "#0"},
				"west": {"uv": [6, 13, 7, 16], "texture": "#0"},
				"up": {"uv": [5, 13, 6, 12], "texture": "#0"},
				"down": {"uv": [7, 12, 6, 13], "texture": "#0"}
			}
		},
		{
			"from": [8, -0.25, 6],
			"to": [12, 11.75, 10],
			"rotation": {"angle": 0, "axis": "y", "origin": [8, -0.25, 6]},
			"faces": {
				"north": {"uv": [1, 5, 2, 8], "texture": "#0"},
				"east": {"uv": [0, 5, 1, 8], "texture": "#0"},
				"south": {"uv": [3, 5, 4, 8], "texture": "#0"},
				"west": {"uv": [2, 5, 3, 8], "texture": "#0"},
				"up": {"uv": [1, 5, 2, 4], "texture": "#0"},
				"down": {"uv": [3, 4, 2, 5], "texture": "#0"}
			}
		},
		{
			"from": [12, 11.75, 6],
			"to": [15, 23.75, 10],
			"rotation": {"angle": 0, "axis": "y", "origin": [12, 11.75, 6]},
			"faces": {
				"north": {"uv": [9.75, 13, 9, 16], "texture": "#0"},
				"east": {"uv": [10.75, 13, 9.75, 16], "texture": "#0"},
				"south": {"uv": [11.5, 13, 10.75, 16], "texture": "#0"},
				"west": {"uv": [9, 13, 8, 16], "texture": "#0"},
				"up": {"uv": [9, 13, 9.75, 12], "texture": "#0"},
				"down": {"uv": [9.75, 12, 10.5, 13], "texture": "#0"}
			}
		},
		{
			"from": [1, 11.75, 6],
			"to": [4, 23.75, 10],
			"rotation": {"angle": 0, "axis": "y", "origin": [0, 11.75, 6]},
			"faces": {
				"north": {"uv": [11.75, 5, 10.75, 8], "texture": "#0"},
				"east": {"uv": [12.5, 5, 11.75, 8], "texture": "#0"},
				"south": {"uv": [13.5, 5, 12.5, 8], "texture": "#0"},
				"west": {"uv": [10.75, 5, 10, 8], "texture": "#0"},
				"up": {"uv": [11, 5, 11.75, 4], "texture": "#0"},
				"down": {"uv": [11.75, 4, 12.5, 5], "texture": "#0"}
			}
		},
		{
			"from": [4, 23.75, 4],
			"to": [12, 31.75, 12],
			"rotation": {"angle": 0, "axis": "y", "origin": [8, 19.75, 6]},
			"faces": {
				"north": {"uv": [2, 2, 4, 4], "texture": "#0"},
				"east": {"uv": [0, 2, 2, 4], "texture": "#0"},
				"south": {"uv": [6, 2, 8, 4], "texture": "#0"},
				"west": {"uv": [4, 2, 6, 4], "texture": "#0"},
				"up": {"uv": [2, 2, 4, 0], "texture": "#0"},
				"down": {"uv": [4, 0, 6, 2], "texture": "#0"}
			}
		},
		{
			"from": [3.75, 11.5, 5.75],
			"to": [12.25, 24, 10.25],
			"rotation": {"angle": 0, "axis": "y", "origin": [8, 11.75, 6]},
			"faces": {
				"north": {"uv": [1.3, 9, 3.3, 12], "texture": "#0"},
				"east": {"uv": [0.25, 9, 1.25, 12], "texture": "#0"},
				"south": {"uv": [8, 9, 10, 12], "texture": "#0"},
				"west": {"uv": [3.3, 9, 4.3, 12], "texture": "#0"},
				"up": {"uv": [5, 9, 7, 8], "texture": "#0"},
				"down": {"uv": [7, 8, 9, 9], "texture": "#0"}
			}
		},
		{
			"from": [3.75, -0.5, 5.75],
			"to": [8.25, 12, 10.25],
			"rotation": {"angle": 0, "axis": "y", "origin": [4, -0.25, 6]},
			"faces": {
				"north": {"uv": [1, 13, 2, 16], "texture": "#0"},
				"east": {"uv": [0, 13, 1, 16], "texture": "#0"},
				"south": {"uv": [3, 13, 4, 16], "texture": "#0"},
				"west": {"uv": [2, 13, 3, 16], "texture": "#0"},
				"up": {"uv": [1, 13, 2, 12], "texture": "#0"},
				"down": {"uv": [3, 12, 2, 13], "texture": "#0"}
			}
		},
		{
			"from": [7.75, -0.5, 5.75],
			"to": [12.25, 12, 10.25],
			"rotation": {"angle": 0, "axis": "y", "origin": [8, -0.25, 6]},
			"faces": {
				"north": {"uv": [1, 9, 2, 12], "texture": "#0"},
				"east": {"uv": [0, 9, 1, 12], "texture": "#0"},
				"south": {"uv": [3, 9, 4, 12], "texture": "#0"},
				"west": {"uv": [2, 9, 3, 12], "texture": "#0"},
				"up": {"uv": [1, 9, 2, 8], "texture": "#0"},
				"down": {"uv": [3, 8, 2, 9], "texture": "#0"}
			}
		},
		{
			"from": [11.75, 11.5, 5.75],
			"to": [15.25, 24, 10.25],
			"rotation": {"angle": 0, "axis": "y", "origin": [12, 11.75, 6]},
			"faces": {
				"north": {"uv": [14.75, 13, 15.5, 16], "texture": "#0"},
				"east": {"uv": [13.75, 13, 14.75, 16], "texture": "#0"},
				"south": {"uv": [13, 13, 13.75, 16], "texture": "#0"},
				"west": {"uv": [12, 13, 13, 16], "texture": "#0"},
				"up": {"uv": [13, 13, 13.75, 12], "texture": "#0"},
				"down": {"uv": [13.75, 13, 14.5, 12], "texture": "#0"}
			}
		},
		{
			"from": [0.75, 11.5, 5.75],
			"to": [4.25, 24, 10.25],
			"rotation": {"angle": 0, "axis": "y", "origin": [0, 11.75, 6]},
			"faces": {
				"north": {"uv": [12.5, 9, 13.5, 12], "texture": "#0"},
				"east": {"uv": [11.75, 9, 12.5, 12], "texture": "#0"},
				"south": {"uv": [10.75, 9, 11.75, 12], "texture": "#0"},
				"west": {"uv": [10, 9, 10.75, 12], "texture": "#0"},
				"up": {"uv": [11, 9, 11.75, 8], "texture": "#0"},
				"down": {"uv": [11.75, 9, 12.5, 8], "texture": "#0"}
			}
		},
		{
			"from": [3.75, 23.5, 3.75],
			"to": [12.25, 32, 12.25],
			"rotation": {"angle": 0, "axis": "y", "origin": [8, 19.75, 6]},
			"faces": {
				"north": {"uv": [10, 2, 12, 4], "texture": "#0"},
				"east": {"uv": [8, 2, 10, 4], "texture": "#0"},
				"south": {"uv": [14, 2, 16, 4], "texture": "#0"},
				"west": {"uv": [12, 2, 14, 4], "texture": "#0"},
				"up": {"uv": [10, 2, 12, 0], "texture": "#0"},
				"down": {"uv": [12, 0, 14, 2], "texture": "#0"}
			}
		},
		{
			"name": "Cиски",
			"from": [4, 18.75, 5],
			"to": [12, 23, 7.5],
			"rotation": {"angle": 22.5, "axis": "x", "origin": [6, 21, 5]},
			"faces": {
				"north": {"uv": [5, 5.25, 7, 6.25], "texture": "#0"},
				"east": {"uv": [4.5, 5.5, 5, 6.5], "texture": "#0"},
				"south": {"uv": [5, 5.25, 7, 6.25], "texture": "#0"},
				"west": {"uv": [7, 5.5, 7.5, 6.5], "texture": "#0"},
				"up": {"uv": [5, 5.25, 7, 5.5], "texture": "#0"},
				"down": {"uv": [5, 6.25, 7, 6.5], "texture": "#0"}
			}
		}
	],
	"gui_light": "front",
	"display": {
		"thirdperson_righthand": {
			"rotation": [0, 90, 0],
			"translation": [0.25, -1.5, -2.25]
		},
		"thirdperson_lefthand": {
			"rotation": [0, 90, 0],
			"translation": [0.25, -1.5, -2.25]
		},
		"firstperson_righthand": {
			"rotation": [-18, 151, 11],
			"translation": [1.25, -9.25, -0.5]
		},
		"firstperson_lefthand": {
			"rotation": [-18, 151, 11],
			"translation": [1.25, -9.25, -0.5]
		},
		"ground": {
			"rotation": [90, 0, 0],
			"translation": [0, 0, -8.25]
		},
		"gui": {
			"rotation": [22, 149, 0],
			"translation": [0, -3.5, 0],
			"scale": [0.42, 0.42, 0.42]
		},
		"head": {
			"translation": [0, 10.5, 0],
			"scale": [0.49219, 0.49219, 0.49219]
		},
		"fixed": {
			"rotation": [-90, 0, 0],
			"translation": [0, 0, -16.5],
			"scale": [2, 2, 2]
		}
	},
	"groups": [
		{
			"name": "Скин 1 слой",
			"origin": [8, 20, 6],
			"color": 0,
			"nbt": "{}",
			"children": [0, 1, 2, 3, 4, 5]
		},
		{
			"name": "Скин 2 слой",
			"origin": [8, 20, 6],
			"color": 0,
			"nbt": "{}",
			"children": [6, 7, 8, 9, 10, 11]
		},
		12
	]
}